EmployeeNumber,Age,Department,JobRole,Attrition,OverTime,MonthlyIncome,YearsAtCompany,churn_probability,risk_tier
1273,25,Sales,Sales Representative,Yes,Yes,1118,1,0.9909953718681809,High
478,21,Sales,Sales Representative,Yes,Yes,2174,3,0.987895839643644,High
614,18,Sales,Sales Representative,Yes,Yes,1878,0,0.9849593538808558,High
1494,24,Research & Development,Laboratory Technician,Yes,Yes,3172,0,0.9826904529392156,High
622,26,Research & Development,Laboratory Technician,Yes,Yes,2340,1,0.9782675055662684,High
959,19,Sales,Sales Representative,Yes,Yes,2121,1,0.9694893630539343,High
590,34,Human Resources,Human Resources,Yes,Yes,9950,3,0.9684333809537682,High
167,19,Sales,Sales Representative,Yes,Yes,1675,0,0.9669494117388104,High
1758,33,Sales,Sales Executive,Yes,Yes,8564,0,0.9657481894277516,High
911,32,Research & Development,Laboratory Technician,Yes,Yes,2795,1,0.9656232847767044,High
1968,53,Sales,Sales Executive,Yes,Yes,10448,2,0.9641932308277547,High
33,32,Research & Development,Research Scientist,Yes,Yes,3919,10,0.9599995003385897,High
1624,18,Sales,Sales Representative,Yes,Yes,1569,0,0.9592296647943741,High
2021,21,Sales,Sales Representative,No,Yes,2380,2,0.9553322109760359,High
1279,21,Research & Development,Laboratory Technician,Yes,No,2625,2,0.9549337614944078,High
19,28,Research & Development,Laboratory Technician,Yes,Yes,2028,4,0.9544362280623532,High
1108,33,Research & Development,Research Scientist,Yes,Yes,2313,2,0.9541463103342486,High
1319,52,Sales,Sales Executive,Yes,Yes,8446,8,0.9514441885102949,High
64,48,Research & Development,Laboratory Technician,Yes,Yes,5381,1,0.9513621772719217,High
248,41,Sales,Sales Representative,Yes,Yes,3140,4,0.949082968755493,High
55,26,Research & Development,Laboratory Technician,Yes,No,2293,1,0.9490361473640676,High
1844,29,Human Resources,Human Resources,Yes,Yes,2335,2,0.9471582729009045,High
1649,40,Research & Development,Laboratory Technician,Yes,Yes,2166,4,0.9469758514003441,High
1487,29,Sales,Sales Executive,Yes,No,5765,5,0.944816474447537,High
147,34,Research & Development,Laboratory Technician,Yes,Yes,6074,9,0.9446363497671423,High
1504,28,Research & Development,Laboratory Technician,Yes,No,2561,0,0.9424044608171159,High
1862,32,Sales,Sales Executive,Yes,Yes,9907,2,0.9421454773664552,High
299,30,Sales,Sales Executive,Yes,No,6696,6,0.9415937421245136,High
72,26,Sales,Sales Executive,No,Yes,4157,2,0.9412268297539645,High
832,40,Research & Development,Laboratory Technician,No,No,5094,1,0.9406668632395263,High
175,31,Sales,Sales Executive,Yes,Yes,4559,2,0.939810347532812,High
137,20,Research & Development,Laboratory Technician,Yes,Yes,2926,1,0.9376768951744037,High
235,19,Sales,Sales Representative,Yes,No,2325,0,0.9370138591907134,High
554,24,Sales,Sales Representative,Yes,Yes,3202,5,0.9358958352902768,High
952,25,Sales,Sales Representative,Yes,Yes,2413,1,0.9353433502137881,High
1037,26,Sales,Sales Executive,Yes,No,4969,2,0.9341317454908002,High
1716,47,Sales,Sales Executive,Yes,No,12936,23,0.9317827241067177,High
1427,31,Sales,Sales Representative,Yes,No,1359,1,0.9277320405532877,High
1464,31,Research & Development,Laboratory Technician,Yes,Yes,3722,2,0.9271707515897875,High
1645,35,Sales,Sales Executive,Yes,Yes,5440,2,0.9244496242343804,High
1928,29,Sales,Sales Representative,Yes,No,1091,1,0.9236753038456811,High
1489,34,Sales,Sales Executive,Yes,Yes,4599,15,0.923350641175378,High
1167,42,Sales,Sales Executive,Yes,Yes,13758,21,0.9215418509943191,High
1752,29,Sales,Sales Representative,Yes,No,2760,2,0.9182833006741457,High
932,39,Research & Development,Laboratory Technician,Yes,Yes,2404,2,0.9168069222238509,High
1077,20,Sales,Sales Representative,Yes,Yes,2323,2,0.9165850939454112,High
1944,27,Human Resources,Human Resources,Yes,No,2863,1,0.9150395121748071,High
816,29,Research & Development,Laboratory Technician,Yes,Yes,2319,1,0.9146666777806006,High
1331,31,Sales,Sales Representative,Yes,Yes,2302,3,0.9141819863340295,High
1053,26,Research & Development,Research Scientist,Yes,Yes,2042,3,0.9138962243723187,High
1079,21,Research & Development,Laboratory Technician,Yes,No,1416,1,0.9124660751132143,High
741,28,Research & Development,Research Scientist,Yes,Yes,2216,7,0.9114516700532741,High
720,24,Sales,Sales Executive,Yes,No,4577,2,0.9100429949672203,High
994,29,Research & Development,Research Scientist,Yes,Yes,2404,0,0.9092465468659183,High
1318,40,Sales,Sales Executive,Yes,Yes,9094,5,0.909076530688183,High
1594,36,Research & Development,Laboratory Technician,No,Yes,5562,3,0.908513385598592,High
163,31,Sales,Sales Executive,Yes,Yes,6172,7,0.9064561943907434,High
1783,22,Research & Development,Laboratory Technician,Yes,Yes,2398,1,0.905251800532734,High
1439,25,Sales,Sales Representative,Yes,No,4400,3,0.9043690983345136,High
1868,29,Research & Development,Research Scientist,Yes,Yes,2439,1,0.9041479021339851,High
75,35,Research & Development,Laboratory Technician,No,Yes,4014,2,0.9028745635551495,High
647,24,Research & Development,Laboratory Technician,Yes,Yes,2886,6,0.9015340970978967,High
514,30,Research & Development,Research Scientist,Yes,Yes,2285,1,0.9010054080439632,High
702,33,Research & Development,Research Scientist,Yes,Yes,3348,10,0.9004964833078051,High
1188,43,Sales,Sales Executive,Yes,No,5346,4,0.8937398169286379,High
648,30,Sales,Sales Representative,Yes,No,2033,1,0.8929081831706903,High
1420,49,Research & Development,Laboratory Technician,Yes,No,4284,4,0.8927073814356236,High
454,29,Research & Development,Laboratory Technician,Yes,Yes,2119,7,0.8881537019235788,High
1767,43,Research & Development,Research Scientist,Yes,Yes,2437,1,0.8858098514672296,High
1307,39,Research & Development,Manager,No,Yes,17123,19,0.8856488029153211,High
785,47,Sales,Sales Executive,Yes,Yes,6397,5,0.8853986554637269,High
2010,32,Research & Development,Laboratory Technician,No,No,2837,6,0.8838295613889486,High
1611,45,Research & Development,Laboratory Technician,No,Yes,5769,10,0.8827895356317547,High
1379,31,Sales,Sales Representative,Yes,No,2785,1,0.8805474862392599,High
65,28,Research & Development,Laboratory Technician,Yes,Yes,3441,2,0.880460920349685,High
1780,21,Sales,Sales Representative,Yes,No,2679,1,0.8791528215898442,High
4,37,Research & Development,Laboratory Technician,Yes,Yes,2090,0,0.8779837241440762,High
440,28,Research & Development,Research Scientist,Yes,Yes,3464,3,0.8758521638540113,High
1157,33,Sales,Sales Executive,Yes,Yes,8224,5,0.8738094189073178,High
970,37,Sales,Sales Executive,Yes,No,10609,14,0.8720643071746487,High
1016,20,Research & Development,Research Scientist,Yes,Yes,2600,1,0.8720311090757994,High
394,26,Research & Development,Laboratory Technician,Yes,Yes,2373,3,0.8706905280718682,High
960,20,Research & Development,Laboratory Technician,Yes,No,2973,1,0.8673309109711423,High
1734,32,Sales,Sales Executive,Yes,No,6735,0,0.8646443434257853,High
2023,23,Sales,Sales Representative,Yes,No,1790,1,0.8636439906584739,High
896,29,Sales,Sales Representative,Yes,Yes,2800,3,0.8619731381539552,High
485,33,Sales,Sales Representative,Yes,Yes,2851,1,0.8614835196778692,High
390,26,Research & Development,Healthcare Representative,No,Yes,4741,5,0.8592115006583791,High
1569,35,Research & Development,Laboratory Technician,Yes,Yes,2074,1,0.8586804524656046,High
593,22,Research & Development,Laboratory Technician,Yes,No,3894,2,0.8580242412207705,High
27,36,Sales,Sales Representative,Yes,No,3407,5,0.856314494178739,High
652,35,Research & Development,Laboratory Technician,No,No,3681,3,0.8547784688092088,High
1019,22,Research & Development,Laboratory Technician,No,No,2451,4,0.8547741179936502,High
1173,24,Research & Development,Laboratory Technician,No,No,3597,4,0.8544568197700908,High
51,36,Research & Development,Research Scientist,No,Yes,3419,1,0.8533245712001732,High
1556,36,Sales,Sales Representative,No,Yes,2644,3,0.8529735764118226,High
819,33,Sales,Sales Executive,Yes,No,5324,3,0.8522063215194486,High
269,35,Research & Development,Laboratory Technician,No,No,4425,6,0.8513253976231059,High
1604,28,Research & Development,Laboratory Technician,Yes,Yes,2408,1,0.8450756918794908,High
467,47,Sales,Sales Representative,No,No,2976,0,0.8446122183404182,High
47,50,Sales,Sales Representative,Yes,Yes,2683,3,0.8433412714719635,High
1961,38,Sales,Sales Representative,No,No,2858,1,0.8430703485693773,High
1,41,Sales,Sales Executive,Yes,Yes,5993,6,0.8421421775357679,High
1198,20,Research & Development,Laboratory Technician,No,No,3033,2,0.8406218218070303,High
2040,35,Human Resources,Human Resources,No,Yes,8837,9,0.8400916546032715,High
1533,23,Research & Development,Laboratory Technician,No,No,2272,4,0.8395138082645429,High
2053,29,Research & Development,Laboratory Technician,No,Yes,4025,4,0.839078533441883,High
608,26,Human Resources,Human Resources,Yes,Yes,2741,7,0.8381617943588647,High
796,26,Sales,Sales Executive,Yes,No,5326,4,0.8368755439980985,High
1684,23,Research & Development,Laboratory Technician,Yes,Yes,3989,5,0.8357629783301271,High
331,32,Research & Development,Laboratory Technician,Yes,Yes,3730,3,0.8348827699862683,High
527,25,Sales,Sales Executive,No,Yes,4487,5,0.8315606782857159,High
1010,35,Research & Development,Laboratory Technician,Yes,Yes,3743,4,0.8312051534274583,High
918,58,Research & Development,Laboratory Technician,Yes,Yes,2380,1,0.831186435406943,High
1286,28,Research & Development,Laboratory Technician,No,Yes,2154,4,0.83110708689144,High
1148,42,Research & Development,Laboratory Technician,No,No,4272,1,0.8257137673418584,High
411,18,Sales,Sales Representative,No,No,1200,0,0.8246569475453299,High
1055,34,Sales,Sales Representative,No,Yes,2220,1,0.8242760793877982,High
1380,35,Sales,Sales Executive,Yes,Yes,4614,4,0.8178370352756009,High
7,27,Research & Development,Laboratory Technician,No,No,3468,2,0.81679043387012,High
243,19,Research & Development,Laboratory Technician,Yes,No,1102,1,0.8160165671403258,High
1001,27,Research & Development,Laboratory Technician,No,No,2811,2,0.8144154486626071,High
2003,35,Research & Development,Laboratory Technician,No,Yes,2660,2,0.8127227774411067,High
846,28,Sales,Sales Executive,No,Yes,4779,8,0.8107126710029887,High
1004,30,Research & Development,Research Scientist,Yes,Yes,2132,5,0.8073169648246106,High
1175,28,Research & Development,Laboratory Technician,Yes,Yes,2515,1,0.805000558702131,High
205,53,Sales,Sales Representative,No,Yes,2306,7,0.8047775023165149,High
1933,28,Sales,Sales Executive,Yes,Yes,9854,2,0.8038840834354455,High
669,21,Sales,Sales Representative,No,No,3447,3,0.7977725865917888,High
1797,35,Sales,Sales Executive,Yes,Yes,5813,10,0.7964933185703402,High
732,60,Sales,Sales Executive,No,No,5405,2,0.7956714110264049,High
1639,35,Sales,Sales Executive,Yes,No,10306,13,0.7931619809197337,High
811,23,Research & Development,Laboratory Technician,Yes,Yes,1601,0,0.7929254495451556,High
1496,44,Research & Development,Manufacturing Director,No,Yes,10209,2,0.7926955021772599,High
922,20,Sales,Sales Representative,Yes,No,2044,2,0.7924710089469283,High
1180,40,Research & Development,Research Scientist,No,Yes,4422,1,0.7914648471675334,High
142,25,Sales,Sales Executive,Yes,Yes,5744,6,0.790790918040708,High
925,47,Sales,Sales Representative,No,Yes,3294,3,0.7899319965707462,High
1876,30,Sales,Sales Representative,Yes,No,1081,1,0.7887444431581888,High
282,38,Research & Development,Healthcare Representative,Yes,Yes,6673,1,0.7881732249192019,High
1281,34,Sales,Sales Executive,No,Yes,4538,3,0.7878770438942713,High
424,31,Human Resources,Human Resources,No,No,6410,2,0.7849990606551492,High
1502,33,Research & Development,Laboratory Technician,No,No,3838,5,0.7845153760893827,High
364,28,Research & Development,Laboratory Technician,Yes,No,3485,0,0.7843137576975396,High
502,34,Sales,Sales Executive,Yes,Yes,5304,5,0.7839077263549261,High
401,26,Sales,Sales Executive,Yes,Yes,5828,8,0.782608081602436,High
201,19,Research & Development,Laboratory Technician,No,No,1483,1,0.7804087697416178,High
1733,36,Sales,Sales Executive,Yes,Yes,6134,2,0.7801661426319167,High
1586,29,Research & Development,Laboratory Technician,No,Yes,4723,10,0.7791944672193212,High
382,38,Sales,Sales Executive,No,Yes,5605,8,0.7791119967592668,High
684,45,Sales,Sales Executive,Yes,No,4286,1,0.7787996617490485,High
1850,27,Research & Development,Laboratory Technician,No,Yes,2379,5,0.7783091173028464,High
436,32,Sales,Sales Executive,No,Yes,5228,13,0.7778699513131444,High
1650,29,Sales,Sales Executive,No,No,5869,5,0.7777647429872753,High
79,38,Research & Development,Laboratory Technician,No,No,2406,10,0.7761055012145331,High
238,36,Research & Development,Laboratory Technician,No,No,2088,8,0.7741755710204739,High
183,25,Sales,Sales Executive,No,No,8639,2,0.7728753951689378,High
792,26,Research & Development,Laboratory Technician,No,No,4364,2,0.7712406149505209,High
1425,36,Sales,Sales Executive,No,Yes,9278,5,0.7705195444544496,High
355,31,Research & Development,Laboratory Technician,Yes,No,3479,5,0.7699071437275323,High
1248,19,Research & Development,Research Scientist,Yes,Yes,1859,1,0.7698257654321706,High
1052,36,Research & Development,Laboratory Technician,Yes,No,4834,1,0.7692399509903474,High
494,21,Sales,Sales Representative,Yes,No,2716,1,0.7690405057956529,High
1296,28,Research & Development,Laboratory Technician,No,Yes,3867,2,0.7682721496119694,High
1269,19,Research & Development,Research Scientist,No,Yes,2994,1,0.7674957769962744,High
261,35,Research & Development,Manufacturing Director,Yes,Yes,5916,1,0.7666585062576113,High
1458,39,Research & Development,Laboratory Technician,Yes,Yes,3646,1,0.7636249502992026,High
927,41,Research & Development,Laboratory Technician,Yes,Yes,2778,7,0.7611163410446139,High
746,47,Sales,Sales Executive,No,Yes,13770,22,0.7607716117918686,High
493,31,Research & Development,Research Scientist,No,Yes,2657,2,0.7602435356342085,High
1036,38,Sales,Sales Executive,No,Yes,6861,1,0.7598336287038859,High
939,33,Research & Development,Research Scientist,No,Yes,2799,3,0.7590887592044397,High
1297,51,Research & Development,Laboratory Technician,No,No,2838,7,0.7578634770017935,High
325,33,Research & Development,Laboratory Technician,Yes,Yes,2436,5,0.7577780052754218,High
190,32,Research & Development,Laboratory Technician,Yes,No,4200,5,0.7557742135392094,High
1554,35,Sales,Sales Representative,No,No,2430,5,0.7556156585107504,High
1680,20,Sales,Sales Representative,No,No,2728,2,0.755028905881056,High
315,29,Research & Development,Research Scientist,Yes,Yes,2389,4,0.7536716853753053,High
1646,24,Research & Development,Research Scientist,No,Yes,3760,6,0.753112959595476,High
281,40,Research & Development,Laboratory Technician,No,Yes,2741,7,0.7529233694688594,High
1372,55,Sales,Sales Executive,Yes,Yes,13695,19,0.7490965347595397,High
879,25,Sales,Sales Executive,No,Yes,4194,5,0.7490413924237784,High
1113,50,Sales,Sales Executive,Yes,Yes,4728,0,0.7467010522864681,High
1244,27,Research & Development,Research Scientist,No,Yes,2235,9,0.7466348361596101,High
1864,27,Sales,Sales Representative,No,No,3540,9,0.7458012708536744,High
875,42,Research & Development,Research Scientist,No,Yes,2515,2,0.7434083063012158,High
1939,32,Research & Development,Research Scientist,Yes,Yes,2432,4,0.7431823572831843,High
1893,26,Research & Development,Research Scientist,No,Yes,2933,1,0.7415683470956752,High
1967,31,Sales,Sales Executive,Yes,Yes,5617,10,0.7408632488683496,High
1017,30,Research & Development,Laboratory Technician,Yes,No,2422,3,0.7399913168975246,High
2055,50,Sales,Sales Executive,Yes,Yes,10854,3,0.7380628768786991,High
1835,38,Sales,Sales Representative,No,Yes,5405,4,0.7369541106722396,High
1419,29,Human Resources,Human Resources,No,No,7988,10,0.7369053849090096,High
1549,33,Research & Development,Laboratory Technician,No,Yes,5207,15,0.7352678026873486,High
1833,31,Sales,Sales Executive,No,No,9637,3,0.7344892633814282,High
133,37,Human Resources,Human Resources,Yes,Yes,2073,3,0.7343520154560721,High
1669,29,Sales,Sales Executive,No,Yes,4187,10,0.7340786925421093,High
492,40,Sales,Sales Executive,Yes,Yes,6380,6,0.7333214266657037,High
1234,32,Research & Development,Laboratory Technician,No,No,2743,2,0.7331711444984539,High
1642,44,Human Resources,Human Resources,No,Yes,5743,10,0.7330945431606826,High
396,49,Research & Development,Research Director,No,Yes,18665,3,0.7317000213215715,High
1735,23,Research & Development,Laboratory Technician,No,No,3295,3,0.731642841198266,High
783,45,Sales,Sales Representative,No,No,6632,8,0.7316392139773725,High
1111,28,Research & Development,Laboratory Technician,Yes,No,2596,1,0.7300085346316891,High
1818,26,Human Resources,Human Resources,Yes,Yes,2148,5,0.7298013501187375,High
68,44,Sales,Sales Executive,No,Yes,5454,4,0.7290939211674583,High
986,40,Sales,Sales Executive,Yes,Yes,13194,1,0.7287464886849749,High
103,46,Human Resources,Human Resources,No,Yes,5021,4,0.728517750187293,High
913,44,Research & Development,Research Scientist,No,Yes,2559,8,0.7277314635939858,High
749,29,Sales,Sales Representative,No,No,2642,1,0.7235296179736422,High
803,38,Research & Development,Manufacturing Director,No,Yes,5980,15,0.7231371176941079,High
1641,40,Research & Development,Manufacturing Director,No,Yes,7945,4,0.721505803225404,High
434,27,Research & Development,Research Scientist,No,Yes,2478,4,0.7214062876684126,High
466,41,Research & Development,Manufacturing Director,No,Yes,6032,5,0.7187584314300282,High
1801,46,Sales,Sales Executive,No,No,7991,2,0.7185315240646466,High
446,33,Sales,Sales Executive,No,No,4682,7,0.7182797086216554,High
1878,22,Research & Development,Research Scientist,Yes,Yes,2472,1,0.716015344808143,High
701,20,Research & Development,Research Scientist,Yes,Yes,1009,1,0.713976099262808,High
964,40,Research & Development,Research Scientist,No,Yes,3617,1,0.7133242198359544,High
392,44,Research & Development,Laboratory Technician,Yes,Yes,3161,1,0.712936120878519,High
1486,28,Sales,Sales Representative,Yes,No,2909,3,0.7125650311581482,High
1226,20,Sales,Sales Representative,No,No,2678,2,0.7121347104336039,High
1613,31,Sales,Sales Executive,No,No,5332,5,0.7103024569842165,High
15,29,Research & Development,Laboratory Technician,No,Yes,4193,9,0.7096518887327333,High
1657,20,Sales,Sales Representative,No,No,2783,2,0.7053864717582066,High
362,32,Research & Development,Laboratory Technician,No,No,2176,6,0.7036753989260595,High
538,25,Research & Development,Laboratory Technician,Yes,No,4031,2,0.7031439342039236,High
1614,36,Research & Development,Manufacturing Director,No,Yes,4663,3,0.7014462342115676,High
566,19,Human Resources,Human Resources,Yes,No,2564,1,0.7013350953673446,High
833,30,Research & Development,Manufacturing Director,No,Yes,6877,0,0.699800284299532,Medium
1980,54,Research & Development,Manufacturing Director,No,Yes,4440,5,0.6990364160451068,Medium
1403,27,Sales,Sales Executive,No,Yes,5769,6,0.6985622541665812,Medium
144,22,Research & Development,Laboratory Technician,No,No,2871,0,0.6974478642482728,Medium
881,35,Research & Development,Research Scientist,Yes,Yes,2022,10,0.69480401888727,Medium
1853,32,Sales,Sales Executive,No,No,4648,0,0.693179954221701,Medium
1560,33,Sales,Sales Executive,No,No,6392,2,0.6931278746843842,Medium
1350,35,Research & Development,Research Scientist,No,Yes,4249,9,0.6930644907940202,Medium
1131,21,Research & Development,Research Scientist,No,Yes,2070,2,0.6930597583862975,Medium
1107,26,Research & Development,Laboratory Technician,Yes,No,2377,1,0.6924323753291602,Medium
1390,39,Sales,Sales Executive,No,Yes,6120,5,0.6917848910394976,Medium
1539,50,Research & Development,Research Director,No,Yes,14411,32,0.6906814803237267,Medium
1507,28,Sales,Sales Executive,No,No,4898,4,0.6896483480470411,Medium
1535,34,Sales,Sales Executive,No,Yes,7083,10,0.6892434595238994,Medium
1740,40,Sales,Manager,No,No,19833,21,0.6891341081381378,Medium
1158,41,Research & Development,Laboratory Technician,No,Yes,4766,1,0.689079759210589,Medium
904,37,Sales,Sales Executive,No,Yes,7642,10,0.6889386852413943,Medium
120,51,Sales,Sales Executive,No,Yes,5441,10,0.6868830792364674,Medium
854,25,Research & Development,Research Scientist,No,No,3424,4,0.6864550079443125,Medium
216,34,Sales,Sales Representative,No,No,2231,4,0.6852348272691681,Medium
1702,23,Sales,Sales Representative,Yes,Yes,2275,3,0.6843703980297796,Medium
1975,39,Sales,Sales Executive,No,No,13341,20,0.68422980863564,Medium
555,34,Sales,Sales Representative,Yes,No,2351,2,0.6842240612562589,Medium
1405,27,Research & Development,Research Scientist,Yes,Yes,2394,8,0.6801950396072586,Medium
1667,35,Sales,Sales Executive,Yes,Yes,4581,11,0.680111790136105,Medium
274,27,Research & Development,Manufacturing Director,No,No,4298,2,0.6798426182198762,Medium
1421,29,Research & Development,Healthcare Representative,Yes,Yes,7553,8,0.6794528716045123,Medium
1371,27,Sales,Sales Executive,No,No,5071,6,0.6766840856706268,Medium
618,26,Sales,Sales Executive,No,No,4306,0,0.6760024048863456,Medium
1100,35,Sales,Sales Executive,Yes,Yes,9582,8,0.6755469386774594,Medium
577,35,Research & Development,Laboratory Technician,No,No,4230,5,0.6730668383360974,Medium
2018,25,Sales,Sales Executive,No,Yes,4907,5,0.6727972627917368,Medium
1714,24,Human Resources,Human Resources,Yes,No,1555,1,0.6724352751799011,Medium
1992,25,Research & Development,Laboratory Technician,No,Yes,3977,2,0.6712897818353345,Medium
1377,34,Research & Development,Laboratory Technician,No,No,5429,8,0.6707684425657212,Medium
1675,38,Research & Development,Laboratory Technician,No,No,2440,4,0.670742234377174,Medium
1277,45,Sales,Manager,Yes,Yes,18824,24,0.6697439745439866,Medium
1678,41,Sales,Sales Executive,No,Yes,7082,2,0.6683793196125224,Medium
1998,42,Research & Development,Research Scientist,No,Yes,5410,4,0.6646343026486552,Medium
1481,44,Sales,Sales Executive,No,No,4768,1,0.6635800733755638,Medium
1219,24,Research & Development,Laboratory Technician,Yes,No,2210,1,0.6634074843921335,Medium
1299,29,Research & Development,Laboratory Technician,Yes,Yes,3339,7,0.6633278945900073,Medium
1101,33,Research & Development,Research Scientist,Yes,No,4508,13,0.662825551862232,Medium
1816,30,Research & Development,Manufacturing Director,No,No,9667,7,0.661618990276097,Medium
81,59,Sales,Sales Executive,No,No,7637,21,0.6606571169864859,Medium
104,30,Research & Development,Laboratory Technician,No,Yes,5126,10,0.6603313434796658,Medium
1160,31,Research & Development,Laboratory Technician,Yes,No,2610,2,0.6571778411038077,Medium
1875,28,Sales,Sales Representative,No,No,2856,1,0.654956441651432,Medium
405,18,Research & Development,Laboratory Technician,Yes,No,1420,0,0.6547185373017628,Medium
484,21,Sales,Sales Representative,No,No,2610,3,0.6534170010699675,Medium
1202,29,Research & Development,Research Scientist,No,Yes,2168,5,0.6531959123093726,Medium
113,23,Sales,Sales Representative,No,No,2322,0,0.6531178228690331,Medium
556,38,Research & Development,Laboratory Technician,No,Yes,1702,1,0.6519922299723518,Medium
856,35,Research & Development,Research Scientist,No,No,2559,6,0.6502090395150594,Medium
475,30,Sales,Sales Executive,No,Yes,4736,2,0.6488528258860178,Medium
1605,22,Research & Development,Research Scientist,No,Yes,2814,4,0.6487905174701556,Medium
161,56,Research & Development,Research Scientist,Yes,Yes,4963,5,0.6484297623265237,Medium
1952,26,Research & Development,Laboratory Technician,No,No,2867,7,0.6481901562984757,Medium
488,41,Sales,Sales Executive,Yes,No,9355,8,0.646845857386093,Medium
900,37,Sales,Sales Representative,No,No,2973,5,0.6468052629964477,Medium
1411,37,Research & Development,Laboratory Technician,No,No,3629,3,0.6462018279095643,Medium
1747,30,Human Resources,Human Resources,Yes,No,2180,4,0.6459238369658322,Medium
1622,28,Research & Development,Manufacturing Director,No,No,4877,5,0.6458023345396673,Medium
62,46,Sales,Sales Executive,No,Yes,5772,9,0.6454896597821208,Medium
297,30,Research & Development,Research Scientist,Yes,Yes,2657,5,0.6434420956199574,Medium
1014,35,Research & Development,Healthcare Representative,No,Yes,10388,16,0.6412187358781084,Medium
650,31,Sales,Sales Executive,Yes,No,4233,3,0.6408327593469626,Medium
2013,32,Sales,Sales Representative,No,No,2269,2,0.6395094239735425,Medium
974,29,Sales,Sales Representative,No,No,2157,3,0.6394887413386512,Medium
1203,22,Research & Development,Research Scientist,Yes,Yes,2853,0,0.6394682076432424,Medium
359,32,Research & Development,Laboratory Technician,No,No,2794,5,0.6394370830492615,Medium
1541,34,Sales,Sales Representative,No,Yes,2308,11,0.6367411293618163,Medium
582,33,Research & Development,Manager,Yes,Yes,13610,7,0.6343109053955616,Medium
1746,24,Human Resources,Human Resources,No,No,2145,2,0.6335880189643722,Medium
941,31,Sales,Sales Representative,No,No,2329,7,0.6328347874087547,Medium
1098,44,Human Resources,Human Resources,Yes,No,10482,20,0.632352677091784,Medium
1916,31,Research & Development,Laboratory Technician,No,No,3978,2,0.632329630254023,Medium
1522,29,Research & Development,Research Scientist,Yes,No,2362,9,0.6306993397590023,Medium
643,24,Research & Development,Laboratory Technician,No,No,2127,1,0.6299354865740222,Medium
1548,40,Sales,Sales Executive,No,No,5473,8,0.6267108117116026,Medium
1242,42,Research & Development,Research Director,No,Yes,13191,1,0.6264387748588751,Medium
233,27,Research & Development,Research Scientist,No,Yes,3058,5,0.6253103408343741,Medium
1364,27,Sales,Sales Representative,No,No,2534,1,0.6245570594662553,Medium
1043,39,Research & Development,Manufacturing Director,No,Yes,10880,21,0.6240602945617838,Medium
573,60,Sales,Sales Executive,No,No,10266,18,0.622932690196878,Medium
2027,29,Research & Development,Research Scientist,Yes,Yes,4787,2,0.6226395977625807,Medium
1282,51,Sales,Manager,No,Yes,19847,29,0.6223606128247929,Medium
1033,37,Research & Development,Healthcare Representative,Yes,No,4777,1,0.6207799726868879,Medium
1856,47,Research & Development,Laboratory Technician,No,No,2105,2,0.620638427281856,Medium
1402,43,Research & Development,Research Scientist,No,Yes,4081,20,0.619065961466075,Medium
632,24,Sales,Sales Representative,No,No,2400,2,0.6187904858597542,Medium
1564,35,Research & Development,Laboratory Technician,No,No,2450,3,0.6186735277195138,Medium
752,42,Research & Development,Research Scientist,Yes,Yes,2759,2,0.6179400893188974,Medium
1056,28,Sales,Sales Representative,No,No,1052,1,0.617556332632507,Medium
145,51,Research & Development,Healthcare Representative,No,No,7484,13,0.6173597885866723,Medium
893,38,Sales,Sales Representative,No,No,2899,2,0.615627880826459,Medium
1211,30,Sales,Sales Executive,No,No,4115,4,0.6155710469681756,Medium
453,40,Sales,Sales Executive,No,Yes,7457,4,0.61536974033391,Medium
1479,30,Sales,Sales Executive,No,No,5301,2,0.6140055311565712,Medium
1674,49,Research & Development,Laboratory Technician,No,Yes,2587,2,0.6127718666920151,Medium
124,46,Research & Development,Healthcare Representative,No,Yes,10673,10,0.6117605931716307,Medium
1102,28,Research & Development,Laboratory Technician,No,No,2207,4,0.6088548770693087,Medium
2060,26,Sales,Sales Representative,No,No,2966,4,0.6085216464073863,Medium
399,31,Sales,Sales Representative,No,No,2789,2,0.6070230379111157,Medium
1739,32,Sales,Sales Executive,No,No,9610,4,0.6065855279707678,Medium
1827,47,Research & Development,Manufacturing Director,No,Yes,10333,22,0.6045891559710652,Medium
45,24,Research & Development,Research Scientist,Yes,Yes,2293,2,0.6040693773525055,Medium
91,59,Sales,Sales Executive,No,No,5473,4,0.6039566728008472,Medium
1974,31,Research & Development,Laboratory Technician,No,Yes,1129,1,0.6033165843068657,Medium
1356,34,Sales,Sales Executive,No,No,6125,10,0.600890801729489,Medium
1387,28,Sales,Sales Executive,No,No,4724,5,0.6004175394432035,Medium
455,29,Research & Development,Laboratory Technician,No,No,3983,3,0.599511447908123,Medium
1704,35,Research & Development,Research Scientist,No,Yes,4930,5,0.5992567229434564,Medium
1972,38,Human Resources,Human Resources,No,Yes,2991,6,0.5982839160546396,Medium
316,52,Research & Development,Laboratory Technician,No,No,3212,2,0.5977847327521081,Medium
686,26,Research & Development,Laboratory Technician,No,Yes,2659,3,0.5972428030853231,Medium
1125,38,Sales,Sales Executive,No,No,7351,1,0.5971016013063369,Medium
1433,31,Research & Development,Research Scientist,Yes,No,1261,1,0.5970596640693728,Medium
1396,32,Sales,Sales Executive,No,Yes,4078,3,0.5963252957484144,Medium
214,58,Research & Development,Research Scientist,No,Yes,3346,1,0.5959094226731941,Medium
1083,26,Research & Development,Laboratory Technician,No,No,3955,5,0.5925225568641441,Medium
1905,34,Research & Development,Research Scientist,Yes,Yes,2307,5,0.5920186928860952,Medium
2020,44,Research & Development,Research Scientist,No,Yes,2436,4,0.5907850711103589,Medium
513,36,Sales,Sales Executive,No,No,7596,10,0.590447298643564,Medium
425,45,Research & Development,Laboratory Technician,No,No,5210,24,0.5895996177345715,Medium
1534,40,Research & Development,Laboratory Technician,Yes,No,2018,5,0.5868714432101818,Medium
1551,24,Research & Development,Laboratory Technician,No,No,2296,1,0.5862498253713455,Medium
591,42,Research & Development,Laboratory Technician,No,No,2093,2,0.5850335200441265,Medium
184,30,Human Resources,Human Resources,No,Yes,6347,11,0.5843580444787507,Medium
584,33,Research & Development,Laboratory Technician,Yes,No,3408,4,0.5837399226987724,Medium
1154,28,Research & Development,Research Scientist,No,Yes,2703,3,0.5828360887274711,Medium
437,27,Sales,Sales Executive,No,Yes,4478,5,0.5821832863368633,Medium
80,50,Research & Development,Research Director,No,Yes,18740,27,0.5815283478759014,Medium
1461,31,Human Resources,Human Resources,No,No,2109,3,0.581129356597866,Medium
1046,32,Research & Development,Laboratory Technician,No,No,4025,8,0.5802689055962211,Medium
1503,47,Sales,Sales Executive,No,Yes,4591,5,0.5802412116624847,Medium
2054,29,Research & Development,Research Scientist,No,No,3785,5,0.5797933529214369,Medium
1220,33,Sales,Sales Executive,No,No,4539,10,0.5787816384297497,Medium
663,43,Research & Development,Laboratory Technician,No,Yes,5679,8,0.5786430416634416,Medium
1568,30,Sales,Sales Executive,No,No,9250,4,0.5773675061472276,Medium
1890,36,Human Resources,Human Resources,No,No,3886,10,0.5771617499189403,Medium
1760,38,Research & Development,Laboratory Technician,No,No,2468,6,0.5747453167031454,Medium
1587,35,Research & Development,Healthcare Representative,No,Yes,6142,5,0.5733819123439714,Medium
445,39,Sales,Sales Executive,Yes,Yes,5238,1,0.5722091555124512,Medium
956,26,Sales,Sales Executive,No,No,4294,7,0.5702691577850453,Medium
518,37,Research & Development,Manufacturing Director,No,Yes,4197,1,0.5693210480111011,Medium
772,32,Research & Development,Laboratory Technician,No,No,5309,10,0.568245674951934,Medium
1399,25,Sales,Sales Executive,No,No,6232,3,0.5681004977319299,Medium
743,38,Research & Development,Manufacturing Director,No,Yes,7861,1,0.5677179997642229,Medium
1409,52,Research & Development,Laboratory Technician,No,No,2950,5,0.5675214646527451,Medium
1306,45,Research & Development,Manager,No,No,18061,0,0.567068378411158,Medium
286,36,Research & Development,Laboratory Technician,No,No,2153,8,0.5662376281919597,Medium
2046,45,Sales,Sales Executive,No,No,4850,5,0.5659702854336199,Medium
1907,56,Research & Development,Laboratory Technician,Yes,No,2587,4,0.5656173055176519,Medium
1915,34,Sales,Sales Executive,No,Yes,8103,4,0.5653352589527547,Medium
954,40,Sales,Sales Executive,No,No,9705,1,0.5630770104079328,Medium
1171,42,Sales,Sales Executive,No,No,5155,6,0.562865491460625,Medium
1779,34,Sales,Sales Executive,No,No,6029,2,0.5618775011223076,Medium
329,52,Sales,Manager,No,Yes,19068,33,0.5607529503940206,Medium
936,42,Sales,Sales Executive,No,No,6244,5,0.5607279729387965,Medium
1807,34,Research & Development,Laboratory Technician,Yes,No,5346,7,0.5604982573932714,Medium
2056,39,Sales,Sales Executive,No,No,12031,20,0.55852964613117,Medium
585,30,Sales,Sales Representative,No,No,2983,3,0.5575446611872646,Medium
1766,38,Research & Development,Healthcare Representative,No,Yes,5811,1,0.5560613147936033,Medium
2012,40,Research & Development,Laboratory Technician,No,No,2406,1,0.5540082693533844,Medium
1870,27,Research & Development,Research Scientist,No,No,4774,7,0.5532844454951783,Medium
246,31,Research & Development,Research Scientist,No,Yes,3929,4,0.5531185350449535,Medium
347,42,Research & Development,Research Scientist,No,Yes,6545,3,0.5521254512916001,Medium
878,36,Human Resources,Human Resources,No,No,2342,5,0.551159810305356,Medium
604,31,Sales,Sales Executive,No,Yes,6582,6,0.5510915206459852,Medium
1292,42,Research & Development,Research Scientist,No,Yes,2372,1,0.5500780496671713,Medium
1311,30,Research & Development,Laboratory Technician,No,No,4627,9,0.5497985206231967,Medium
1066,40,Sales,Sales Executive,No,No,8396,7,0.5497955537122963,Medium
74,35,Sales,Sales Executive,No,No,9069,9,0.5494521470261021,Medium
1212,40,Sales,Sales Executive,No,No,4327,0,0.5485453155564134,Medium
747,30,Sales,Sales Executive,No,No,5304,8,0.5475920375401381,Medium
508,30,Sales,Sales Representative,No,No,2476,1,0.5475163359424945,Medium
605,42,Research & Development,Manufacturing Director,No,Yes,7406,10,0.545057481368164,Medium
1883,29,Research & Development,Laboratory Technician,No,No,2062,3,0.5437202374695302,Medium
665,44,Human Resources,Human Resources,No,No,5985,2,0.5424195749897305,Medium
744,44,Research & Development,Laboratory Technician,No,No,3708,5,0.5424053580787346,Medium
496,35,Research & Development,Healthcare Representative,No,No,6540,1,0.5424014607772174,Medium
1132,39,Research & Development,Laboratory Technician,No,No,6782,5,0.5418098045180066,Medium
991,31,Research & Development,Research Scientist,Yes,Yes,2321,3,0.5416914493581607,Medium
363,46,Sales,Manager,No,Yes,16872,7,0.5411205682512217,Medium
666,34,Sales,Sales Representative,No,Yes,2579,8,0.5407769525191473,Medium
1576,48,Research & Development,Research Scientist,No,No,2367,8,0.5406161857237469,Medium
805,35,Sales,Sales Representative,No,No,2572,3,0.5404454730577603,Medium
1436,36,Sales,Sales Executive,No,No,5647,3,0.5400185824350587,Medium
1691,48,Sales,Sales Representative,Yes,Yes,2655,9,0.5395425438706588,Medium
1251,31,Research & Development,Healthcare Representative,No,Yes,6833,6,0.5379837702519811,Medium
1193,19,Research & Development,Research Scientist,No,No,2552,1,0.5378546255281033,Medium
760,39,Human Resources,Human Resources,No,No,6389,8,0.5376700378096637,Medium
429,39,Research & Development,Manager,No,Yes,17068,21,0.5350584106834038,Medium
1583,38,Sales,Sales Executive,No,No,4198,3,0.5346887601023973,Medium
1275,26,Research & Development,Research Scientist,No,Yes,2875,8,0.5346768837083521,Medium
351,42,Research & Development,Laboratory Technician,No,Yes,2593,9,0.5340583536230327,Medium
1886,35,Research & Development,Manufacturing Director,No,Yes,4788,3,0.5338846779746129,Medium
404,42,Sales,Sales Executive,No,No,13525,20,0.5331418052875557,Medium
1049,45,Human Resources,Human Resources,No,No,2177,6,0.5328300243253291,Medium
1237,36,Research & Development,Manufacturing Director,No,Yes,10252,7,0.5327498547710342,Medium
1710,36,Sales,Sales Representative,No,No,4502,13,0.5310079653144378,Medium
874,44,Research & Development,Laboratory Technician,No,Yes,2818,3,0.530928005106122,Medium
738,50,Sales,Sales Representative,No,No,3875,2,0.5308224669025863,Medium
1725,24,Research & Development,Laboratory Technician,No,No,3907,6,0.5297315513237927,Medium
1195,45,Research & Development,Research Scientist,No,Yes,4477,3,0.527591013970556,Medium
1720,32,Research & Development,Research Scientist,No,No,3433,5,0.5275310367831725,Medium
1467,34,Human Resources,Human Resources,Yes,No,2742,2,0.5261017927502432,Medium
1960,28,Research & Development,Laboratory Technician,Yes,No,2367,4,0.5260693467918478,Medium
1659,36,Research & Development,Laboratory Technician,No,No,2013,4,0.5237964714240203,Medium
1790,36,Research & Development,Healthcare Representative,No,Yes,8321,12,0.5221504956229346,Medium
1956,31,Research & Development,Research Scientist,No,No,5003,10,0.5198448588630905,Medium
1929,39,Sales,Sales Executive,No,No,5736,3,0.5197868611749711,Medium
1165,29,Sales,Sales Executive,Yes,No,7336,11,0.5191326825010634,Medium
1606,50,Research & Development,Healthcare Representative,No,Yes,11245,30,0.5189735463538556,Medium
1945,35,Sales,Sales Executive,No,No,5561,5,0.5182380257477446,Medium
1932,34,Research & Development,Research Scientist,No,Yes,5747,15,0.5181897910532107,Medium
773,38,Research & Development,Research Scientist,No,Yes,3057,1,0.5172027751759458,Medium
88,35,Research & Development,Research Scientist,No,No,2194,3,0.5162038221298068,Medium
376,47,Research & Development,Manager,Yes,Yes,11849,10,0.5156347869605755,Medium
1070,54,Sales,Sales Executive,No,No,10686,9,0.5156339493114754,Medium
403,37,Research & Development,Research Scientist,No,Yes,2326,4,0.5153690714661778,Medium
1044,33,Sales,Sales Representative,No,No,2342,2,0.5146271904922083,Medium
1435,36,Research & Development,Laboratory Technician,No,No,5810,10,0.5142308676129977,Medium
1135,31,Sales,Sales Representative,No,No,2791,2,0.5136637353457101,Medium
1692,32,Research & Development,Laboratory Technician,Yes,No,1393,1,0.5124538087368464,Medium
38,46,Sales,Manager,No,No,18947,2,0.5104744871324505,Medium
2009,33,Research & Development,Healthcare Representative,No,Yes,4878,9,0.5095677213011588,Medium
1987,25,Human Resources,Human Resources,No,No,2187,2,0.5091687572175924,Medium
723,50,Sales,Sales Executive,Yes,Yes,6796,4,0.5090486810627372,Medium
1753,29,Research & Development,Healthcare Representative,No,Yes,6294,3,0.5087128590284734,Medium
533,30,Sales,Sales Executive,No,No,6577,5,0.5082543339529916,Medium
565,29,Research & Development,Research Scientist,Yes,No,2546,2,0.5080331012291961,Medium
1434,27,Research & Development,Laboratory Technician,No,No,2099,5,0.5076875307382731,Medium
525,43,Research & Development,Laboratory Technician,No,No,2258,3,0.5073740583203991,Medium
781,25,Sales,Sales Executive,No,No,6180,6,0.5068268849333499,Medium
85,36,Research & Development,Manufacturing Director,No,No,6499,6,0.5067577955859777,Medium
1996,31,Sales,Sales Representative,No,No,3067,2,0.5056065608659008,Medium
495,29,Research & Development,Research Scientist,No,No,2201,3,0.5047851064672347,Medium
641,26,Sales,Sales Executive,No,No,6272,5,0.5045924738594106,Medium
1525,39,Research & Development,Manufacturing Director,No,No,8376,2,0.5035158819606221,Medium
1465,45,Research & Development,Manufacturing Director,No,Yes,9380,3,0.5028861320717454,Medium
1150,29,Research & Development,Manufacturing Director,No,Yes,5056,10,0.5023691407443269,Medium
530,31,Research & Development,Laboratory Technician,No,No,2218,4,0.5023476306181516,Medium
1239,40,Sales,Sales Executive,No,No,6852,5,0.4998150731886344,Medium
1394,37,Research & Development,Research Scientist,No,Yes,2996,6,0.49975605448946236,Medium
889,32,Sales,Sales Executive,No,No,6524,10,0.49910958734680205,Medium
321,59,Human Resources,Human Resources,No,No,2267,2,0.49864842693151284,Medium
1126,43,Research & Development,Manufacturing Director,No,No,10820,8,0.49853051651339336,Medium
808,34,Sales,Sales Executive,No,No,6500,3,0.49780170002946417,Medium
916,28,Sales,Sales Executive,No,No,4908,4,0.4951718487742737,Medium
1563,38,Human Resources,Human Resources,No,No,6077,6,0.4937735668818646,Medium
1389,31,Research & Development,Manufacturing Director,Yes,Yes,6179,10,0.4935074069133796,Medium
1216,28,Research & Development,Laboratory Technician,No,No,3196,6,0.4932778522225744,Medium
397,36,Research & Development,Research Scientist,No,No,4485,8,0.49042754893574364,Medium
1709,29,Research & Development,Laboratory Technician,No,No,2974,5,0.49028867445009416,Medium
1392,41,Research & Development,Research Scientist,No,Yes,5467,6,0.49018456168687013,Medium
1509,49,Research & Development,Laboratory Technician,No,No,4789,3,0.48941226384191494,Medium
1321,30,Research & Development,Manager,No,Yes,11916,9,0.488251510486547,Medium
587,31,Research & Development,Healthcare Representative,Yes,No,9824,1,0.48698449544081307,Medium
1204,46,Sales,Manager,No,No,17048,26,0.48644811099082463,Medium
758,23,Research & Development,Laboratory Technician,No,No,2500,4,0.4859315953973383,Medium
1880,36,Sales,Sales Executive,No,Yes,5673,10,0.48554272744721816,Medium
473,48,Sales,Manager,No,No,12504,0,0.4853257311367692,Medium
1235,32,Research & Development,Research Scientist,No,Yes,4998,8,0.4849394723697198,Medium
1333,44,Research & Development,Laboratory Technician,Yes,No,2362,3,0.4849051931091036,Medium
1294,36,Research & Development,Manufacturing Director,No,Yes,5410,16,0.48257663502929465,Medium
799,54,Research & Development,Manufacturing Director,No,Yes,5485,5,0.4821950204983828,Medium
1865,29,Human Resources,Human Resources,No,No,2804,1,0.4814710478881939,Medium
1577,34,Research & Development,Research Scientist,No,No,2972,1,0.48101883518624516,Medium
381,35,Research & Development,Manager,No,No,11996,7,0.4801271547886098,Medium
1415,25,Research & Development,Laboratory Technician,No,No,3229,3,0.48003063640877586,Medium
2045,36,Sales,Sales Executive,No,No,6652,6,0.47999197843430236,Medium
1997,38,Research & Development,Manufacturing Director,No,No,5321,8,0.4726773935621246,Medium
1042,36,Research & Development,Laboratory Technician,Yes,No,2743,17,0.47229971749379285,Medium
729,40,Sales,Sales Executive,No,Yes,10475,18,0.4718210302345277,Medium
444,39,Research & Development,Manager,No,No,19272,21,0.47116882003280597,Medium
366,29,Sales,Sales Executive,No,No,6644,0,0.470693230244289,Medium
580,46,Sales,Sales Executive,No,Yes,9071,3,0.47042354489900157,Medium
198,30,Research & Development,Laboratory Technician,No,No,2720,5,0.4697498730826082,Medium
828,28,Research & Development,Research Scientist,Yes,No,4382,2,0.4693643730463775,Medium
1826,35,Research & Development,Laboratory Technician,No,No,2705,5,0.46822367780655816,Medium
328,33,Research & Development,Laboratory Technician,Yes,No,2707,9,0.4669081965007961,Medium
1768,42,Research & Development,Laboratory Technician,No,No,2766,5,0.4646428979913978,Medium
679,32,Research & Development,Research Scientist,No,Yes,6322,6,0.46415045222916496,Medium
1542,42,Research & Development,Laboratory Technician,No,No,4841,1,0.4638717489762677,Medium
1927,28,Sales,Sales Executive,No,Yes,6834,7,0.46378514750172917,Medium
5,33,Research & Development,Research Scientist,No,Yes,2909,8,0.4636293280491753,Medium
645,25,Sales,Sales Representative,No,No,2096,7,0.463326077690821,Medium
934,34,Research & Development,Laboratory Technician,No,No,2008,1,0.46238489344022965,Medium
764,27,Research & Development,Healthcare Representative,No,No,6811,7,0.46207623530309655,Medium
1761,31,Sales,Sales Executive,Yes,No,8161,1,0.4619694561572522,Medium
90,36,Research & Development,Research Scientist,Yes,Yes,3388,1,0.46123880366002873,Medium
1882,34,Sales,Sales Executive,No,Yes,9713,5,0.46100571654516304,Medium
10,59,Research & Development,Laboratory Technician,No,Yes,2670,1,0.4607677522998653,Medium
521,40,Research & Development,Laboratory Technician,No,No,3448,1,0.4604378590627033,Medium
207,32,Sales,Sales Executive,No,No,8998,9,0.45826659914998497,Medium
1550,40,Human Resources,Manager,No,Yes,16437,21,0.4577655542233539,Medium
1908,36,Sales,Sales Executive,No,No,5507,4,0.4568684760695181,Medium
150,24,Research & Development,Laboratory Technician,No,No,2774,5,0.4545271050888639,Medium
1585,36,Sales,Sales Executive,No,No,6815,1,0.4543906702503488,Medium
1480,42,Research & Development,Laboratory Technician,No,No,3673,12,0.4494427029486481,Medium
1950,34,Sales,Sales Executive,No,No,9888,14,0.4488589411392299,Medium
1329,41,Sales,Sales Executive,No,No,6151,19,0.4487065510878797,Medium
1784,31,Sales,Sales Executive,No,No,5468,12,0.44689829844295265,Medium
245,38,Research & Development,Laboratory Technician,No,No,2288,2,0.44542040282738415,Medium
578,54,Research & Development,Laboratory Technician,No,No,3780,1,0.44335867982939925,Medium
885,25,Sales,Sales Executive,No,No,4256,5,0.44282740341249216,Medium
644,50,Human Resources,Manager,No,No,18200,32,0.44149969101902375,Medium
174,50,Sales,Sales Executive,No,No,9208,2,0.4414125265333951,Medium
330,32,Sales,Sales Representative,No,No,3931,4,0.44129161764556496,Medium
240,45,Sales,Sales Executive,No,Yes,5006,5,0.4398701025243163,Medium
656,37,Sales,Sales Executive,No,Yes,9602,3,0.43835239117743663,Medium
1092,40,Research & Development,Healthcare Representative,No,No,10322,11,0.43403548996524194,Medium
1596,35,Research & Development,Laboratory Technician,No,No,3407,10,0.43290928454874267,Medium
1447,34,Research & Development,Laboratory Technician,No,No,3294,5,0.43043007001037387,Medium
16,31,Research & Development,Research Scientist,No,No,2911,5,0.4296097450382557,Medium
311,37,Sales,Sales Representative,No,No,2793,9,0.4285365656606143,Medium
1633,39,Research & Development,Manufacturing Director,No,No,5042,9,0.42803768078052745,Medium
121,30,Sales,Sales Executive,No,Yes,5209,11,0.42794058019841746,Medium
848,26,Research & Development,Research Scientist,Yes,Yes,2366,8,0.4270313871841393,Medium
39,33,Research & Development,Laboratory Technician,No,No,2496,1,0.4259681468099872,Medium
1545,33,Research & Development,Manufacturing Director,No,No,4320,5,0.42537634088269494,Medium
1839,18,Research & Development,Research Scientist,No,No,1514,0,0.4247829068173927,Medium
1724,40,Research & Development,Manufacturing Director,No,Yes,6516,1,0.4243123499503021,Medium
1537,31,Research & Development,Research Scientist,Yes,No,4084,7,0.42365722570280134,Medium
1445,24,Sales,Sales Executive,No,Yes,4162,5,0.42282274423467214,Medium
128,24,Sales,Sales Executive,No,No,4999,3,0.42135053392785116,Medium
827,42,Research & Development,Manufacturing Director,No,Yes,6062,4,0.421218401569323,Medium
407,36,Research & Development,Laboratory Technician,No,No,3688,1,0.42081146933236757,Medium
1164,35,Human Resources,Human Resources,No,No,4323,5,0.4203365358561651,Medium
613,31,Sales,Manager,No,No,11557,5,0.4194224272104317,Medium
625,41,Sales,Manager,No,No,16595,18,0.4191693687719135,Medium
763,40,Research & Development,Research Scientist,No,Yes,2342,4,0.41916290944652246,Medium
470,42,Human Resources,Human Resources,No,Yes,2696,3,0.41876390411563785,Medium
511,22,Research & Development,Research Scientist,No,No,2244,2,0.4175246774216891,Medium
1506,28,Research & Development,Research Scientist,No,No,1563,1,0.4165544097152203,Medium
549,60,Research & Development,Manager,No,No,19566,29,0.416538693184913,Medium
194,30,Research & Development,Research Scientist,No,No,2632,5,0.41628195393659506,Medium
1802,40,Research & Development,Laboratory Technician,No,No,3377,4,0.41535514893529785,Medium
1156,18,Research & Development,Laboratory Technician,Yes,No,1904,0,0.414348168405819,Medium
586,35,Research & Development,Healthcare Representative,No,Yes,7632,8,0.4134005455235059,Medium
24,38,Research & Development,Research Scientist,No,Yes,3944,3,0.4125616821911595,Medium
462,31,Research & Development,Manufacturing Director,No,Yes,7143,11,0.4106967246034177,Medium
267,37,Research & Development,Research Scientist,No,Yes,3564,8,0.4098350687421305,Medium
1985,40,Research & Development,Laboratory Technician,No,No,6323,10,0.40953707662946454,Medium
912,29,Research & Development,Laboratory Technician,No,No,2532,4,0.40914041073249857,Medium
975,35,Sales,Sales Executive,No,No,4601,5,0.40875550361617285,Medium
536,28,Research & Development,Laboratory Technician,No,No,4558,10,0.4079236181007776,Medium
620,35,Sales,Sales Executive,No,No,4859,5,0.4076097047430076,Medium
1687,38,Research & Development,Laboratory Technician,No,No,3306,0,0.40657944850560435,Medium
1412,35,Research & Development,Manufacturing Director,No,No,9362,2,0.4058245859966717,Medium
529,37,Research & Development,Research Scientist,No,Yes,4449,13,0.4056041650670713,Medium
507,24,Sales,Sales Executive,No,Yes,4260,5,0.40467406898836633,Medium
1601,35,Research & Development,Laboratory Technician,No,No,2690,1,0.4034089857705441,Medium
861,30,Research & Development,Research Scientist,No,No,3761,5,0.40326859593785586,Medium
1580,34,Research & Development,Research Scientist,No,No,5484,2,0.40306615581093413,Medium
312,29,Sales,Sales Executive,No,No,7918,11,0.40202686723082515,Medium
1391,51,Sales,Sales Executive,No,No,10596,4,0.4007683599095786,Medium
926,22,Research & Development,Manufacturing Director,Yes,Yes,4171,3,0.4003488939754187,Medium
691,35,Research & Development,Research Scientist,No,No,6646,17,0.39997874228750574,Low
1200,44,Research & Development,Research Scientist,Yes,Yes,2936,6,0.3989509214841529,Low
1943,42,Sales,Sales Executive,No,Yes,5087,0,0.3978610402769831,Low
1218,35,Sales,Sales Executive,No,Yes,8966,7,0.3973620272458549,Low
1258,48,Research & Development,Laboratory Technician,No,No,2559,1,0.39700763232980185,Low
1836,26,Sales,Sales Executive,No,No,4684,5,0.396719431718699,Low
1395,33,Sales,Sales Executive,No,No,9998,5,0.39669134688191693,Low
164,26,Research & Development,Research Scientist,No,No,2368,5,0.39566788687984467,Low
1912,31,Sales,Sales Executive,No,Yes,6583,5,0.3954552615823719,Low
389,55,Research & Development,Laboratory Technician,No,Yes,5415,10,0.3951178414151879,Low
766,29,Sales,Sales Representative,No,No,2297,2,0.39476084779403986,Low
1362,36,Sales,Sales Executive,No,No,4639,15,0.3941020626736409,Low
731,41,Human Resources,Manager,No,No,19141,21,0.3939999713055486,Low
600,35,Sales,Sales Executive,No,No,4717,11,0.39218069415219226,Low
690,29,Sales,Sales Executive,No,No,5561,6,0.3921804520312349,Low
1981,24,Research & Development,Healthcare Representative,No,No,4617,4,0.39186159222313993,Low
837,38,Research & Development,Healthcare Representative,No,No,6288,4,0.3912772449164536,Low
2064,27,Research & Development,Manufacturing Director,No,Yes,6142,6,0.3908939485373672,Low
1547,42,Research & Development,Healthcare Representative,No,Yes,10124,20,0.3907939640626491,Low
838,34,Research & Development,Research Scientist,No,No,2553,5,0.3906791786948871,Low
864,45,Sales,Sales Executive,No,Yes,10761,5,0.388617050177212,Low
57,30,Research & Development,Laboratory Technician,No,No,4011,12,0.3872357740910931,Low
802,37,Research & Development,Research Scientist,No,Yes,2782,5,0.3869334782589617,Low
1529,35,Research & Development,Healthcare Representative,No,No,8606,11,0.3865228067610093,Low
1030,50,Research & Development,Laboratory Technician,No,No,2380,1,0.3861584325321783,Low
699,36,Research & Development,Manufacturing Director,No,Yes,8847,3,0.38585439375011077,Low
1298,30,Research & Development,Manufacturing Director,No,Yes,4695,8,0.3857390317244711,Low
1885,37,Research & Development,Research Scientist,No,Yes,4284,5,0.3850473618175978,Low
305,33,Research & Development,Research Scientist,No,No,2622,3,0.3830497464549029,Low
1562,30,Sales,Sales Executive,Yes,No,9714,10,0.3822081481221919,Low
298,41,Sales,Manager,No,Yes,13591,1,0.3821361783978313,Low
1039,44,Sales,Sales Executive,No,Yes,13320,12,0.38149142018308113,Low
1492,35,Sales,Sales Representative,No,No,2404,1,0.38069681875133976,Low
910,33,Human Resources,Human Resources,No,Yes,2277,4,0.38012488089836366,Low
1127,39,Research & Development,Healthcare Representative,Yes,No,12169,18,0.3799183630505107,Low
1842,31,Human Resources,Human Resources,Yes,No,2956,1,0.3791330608666247,Low
1787,37,Sales,Sales Executive,No,No,4189,5,0.3787888526030446,Low
30,21,Research & Development,Research Scientist,No,No,1232,0,0.37756313422149734,Low
1240,25,Sales,Sales Executive,No,No,4950,4,0.3775309110431554,Low
304,36,Research & Development,Laboratory Technician,No,No,5914,13,0.37719640656218184,Low
1612,45,Sales,Sales Executive,No,No,4385,10,0.37620839126152955,Low
951,32,Research & Development,Laboratory Technician,No,No,2332,3,0.37589658868736664,Low
200,41,Research & Development,Laboratory Technician,No,No,2238,5,0.37582408894410513,Low
155,36,Research & Development,Laboratory Technician,No,No,2835,1,0.37551424569949926,Low
1744,45,Human Resources,Human Resources,No,No,9756,5,0.375188735090473,Low
592,36,Sales,Sales Executive,No,No,9980,10,0.3743260342424562,Low
698,54,Human Resources,Human Resources,No,No,10725,9,0.3730601624044465,Low
291,32,Sales,Sales Executive,Yes,No,10400,14,0.3720733804487843,Low
700,27,Research & Development,Research Scientist,No,No,2045,4,0.37193093952857237,Low
1210,41,Research & Development,Research Scientist,Yes,No,2107,1,0.3715213417105729,Low
1815,41,Sales,Sales Executive,No,Yes,10447,22,0.3715137450455701,Low
1106,25,Research & Development,Laboratory Technician,Yes,Yes,3691,7,0.37135060780241913,Low
967,36,Sales,Sales Executive,Yes,Yes,10325,16,0.37077789833857233,Low
667,27,Sales,Sales Representative,Yes,No,3041,4,0.3695823865358294,Low
1860,42,Research & Development,Laboratory Technician,No,No,3968,0,0.3691510848632298,Low
61,37,Research & Development,Research Scientist,No,No,3022,1,0.36850821420398144,Low
982,30,Sales,Sales Executive,No,No,7264,8,0.3669378972786783,Low
284,22,Research & Development,Research Scientist,No,Yes,2328,4,0.3663777413324949,Low
1718,26,Research & Development,Laboratory Technician,No,No,2305,3,0.3655387365432882,Low
70,35,Research & Development,Healthcare Representative,No,Yes,9884,4,0.36550352623086585,Low
1291,35,Research & Development,Research Scientist,No,Yes,3506,3,0.36534816148280297,Low
1373,56,Research & Development,Manufacturing Director,No,Yes,13402,19,0.36506699376835133,Low
11,30,Research & Development,Laboratory Technician,No,No,2693,1,0.3645297459153565,Low
277,34,Research & Development,Research Scientist,No,Yes,3815,5,0.36390843914982257,Low
193,38,Research & Development,Research Scientist,No,Yes,4317,3,0.3635191056150355,Low
1119,38,Sales,Sales Executive,No,Yes,8740,8,0.3634637641855285,Low
78,32,Research & Development,Manufacturing Director,No,Yes,6162,9,0.3604351047816363,Low
451,43,Research & Development,Healthcare Representative,No,No,9985,1,0.3604181817360139,Low
635,37,Research & Development,Manufacturing Director,No,No,6447,6,0.3602652566619014,Low
923,21,Research & Development,Research Scientist,Yes,No,2693,1,0.3595493301917917,Low
1285,34,Research & Development,Laboratory Technician,No,No,4444,11,0.3591655538585133,Low
2061,36,Research & Development,Laboratory Technician,No,No,2571,5,0.3590467284160851,Low
1935,56,Sales,Sales Executive,No,No,5380,0,0.35876930131703316,Low
177,26,Human Resources,Human Resources,No,No,2942,8,0.35806314156836916,Low
1936,39,Research & Development,Manufacturing Director,No,No,5151,10,0.35744217980190734,Low
813,52,Research & Development,Laboratory Technician,No,No,3149,5,0.3566764019930131,Low
31,34,Research & Development,Research Scientist,Yes,No,2960,4,0.35578424261268904,Low
2032,56,Research & Development,Laboratory Technician,Yes,No,2339,10,0.35409269244920255,Low
662,38,Research & Development,Research Scientist,No,No,2619,0,0.3536583211606992,Low
1136,28,Research & Development,Research Scientist,No,No,3201,5,0.3534118716401857,Low
41,30,Research & Development,Laboratory Technician,No,No,2206,10,0.35288386396010835,Low
933,27,Research & Development,Research Scientist,No,No,2318,1,0.35271256034855114,Low
60,34,Sales,Sales Executive,No,No,4568,9,0.35250170718469415,Low
54,27,Research & Development,Laboratory Technician,No,No,2341,1,0.3524499105732895,Low
1617,49,Research & Development,Laboratory Technician,No,No,3211,9,0.35139838785643024,Low
1682,36,Research & Development,Healthcare Representative,No,No,5347,3,0.35132051607988185,Low
1609,30,Research & Development,Research Scientist,No,No,2141,6,0.35030496359569785,Low
1428,30,Sales,Sales Executive,No,No,4779,3,0.3488719696635583,Low
754,43,Sales,Sales Executive,No,No,6804,2,0.34874407047030737,Low
1105,37,Sales,Sales Executive,No,Yes,6694,1,0.34736074923210275,Low
1591,50,Sales,Manager,No,Yes,19331,1,0.3460083546444163,Low
1303,25,Research & Development,Research Scientist,No,No,2096,2,0.3459714239088205,Low
800,27,Sales,Sales Executive,No,No,4342,4,0.34573319997939383,Low
2049,35,Research & Development,Healthcare Representative,No,Yes,5689,10,0.34506160314955137,Low
1812,39,Sales,Sales Executive,No,No,4127,2,0.3447624273448119,Low
517,42,Research & Development,Laboratory Technician,No,No,2576,5,0.3444411706502356,Low
862,53,Sales,Sales Executive,No,Yes,10934,5,0.34432103169089734,Low
872,22,Research & Development,Manufacturing Director,No,No,4775,2,0.34364850949916453,Low
1792,44,Research & Development,Research Scientist,Yes,Yes,2342,5,0.3428362011492041,Low
463,29,Sales,Sales Executive,No,Yes,8268,7,0.3425835655848352,Low
983,38,Sales,Sales Executive,No,Yes,5666,5,0.34222141913883614,Low
569,50,Research & Development,Manager,No,No,17046,27,0.34118188719367015,Low
1722,41,Human Resources,Human Resources,No,No,6430,3,0.34086500853564244,Low
1314,46,Human Resources,Human Resources,No,No,3423,7,0.34046206158861697,Low
1360,58,Research & Development,Manufacturing Director,Yes,Yes,10008,10,0.3404185760158604,Low
125,32,Sales,Sales Executive,No,No,5010,11,0.3403214821679964,Low
1495,24,Sales,Sales Representative,No,No,2033,1,0.34022708549037006,Low
119,40,Research & Development,Healthcare Representative,No,No,13503,22,0.33986153475671954,Low
1094,27,Research & Development,Laboratory Technician,No,No,4621,3,0.3385657474067666,Low
1301,28,Research & Development,Research Scientist,No,No,2080,3,0.33807209634486535,Low
829,36,Human Resources,Human Resources,No,No,2143,5,0.33737879584457764,Low
1118,52,Research & Development,Healthcare Representative,No,No,10445,8,0.3366131866708065,Low
1966,32,Research & Development,Manufacturing Director,No,No,9679,1,0.3356537981089472,Low
1163,34,Sales,Sales Executive,No,No,5714,6,0.3355570396268364,Low
657,20,Research & Development,Research Scientist,No,No,2836,1,0.334010535441916,Low
1881,31,Research & Development,Laboratory Technician,No,No,4197,10,0.3331039497852797,Low
179,51,Research & Development,Manufacturing Director,Yes,No,10650,4,0.3330337258573074,Low
1514,28,Research & Development,Manufacturing Director,No,No,6549,8,0.33301797472367445,Low
56,27,Sales,Sales Executive,No,No,8726,9,0.3326395675755611,Low
1847,36,Research & Development,Research Scientist,No,Yes,6962,1,0.3314913382783656,Low
486,37,Research & Development,Laboratory Technician,No,No,3452,5,0.3309668757237038,Low
1736,31,Research & Development,Manufacturing Director,No,No,5238,5,0.33086259241827704,Low
842,55,Sales,Sales Executive,Yes,No,5160,9,0.33040875967035666,Low
639,24,Research & Development,Research Scientist,No,Yes,2725,6,0.3292119454044599,Low
14,35,Research & Development,Laboratory Technician,No,No,2426,5,0.3285582312437384,Low
1849,43,Sales,Sales Executive,No,No,5675,7,0.32802461781468395,Low
1407,26,Research & Development,Research Scientist,No,No,3904,4,0.3278948345702009,Low
1289,34,Human Resources,Human Resources,No,No,4490,10,0.3276884867780995,Low
1469,28,Sales,Sales Executive,No,No,8463,5,0.32766708514712417,Low
1694,55,Research & Development,Research Scientist,No,No,3537,4,0.3265052841055881,Low
809,42,Research & Development,Manager,No,No,18430,24,0.3264140304719145,Low
784,23,Research & Development,Research Scientist,No,No,3505,2,0.32614809862488725,Low
2068,34,Research & Development,Laboratory Technician,No,No,4404,4,0.3251653294006085,Low
426,31,Research & Development,Research Scientist,No,Yes,2695,2,0.32282958365792597,Low
1448,41,Research & Development,Research Scientist,No,Yes,2127,4,0.3228053931963497,Low
95,31,Research & Development,Research Scientist,No,No,2501,1,0.32202670926742827,Low
1185,35,Research & Development,Laboratory Technician,No,No,2376,2,0.32093695229470665,Low
1754,30,Sales,Sales Executive,No,No,7140,7,0.320629987776895,Low
1478,34,Sales,Sales Executive,No,No,4759,13,0.3204396062546413,Low
228,30,Sales,Sales Executive,No,No,9419,10,0.31971225046436,Low
2014,39,Research & Development,Research Scientist,No,No,4108,7,0.3181385954635869,Low
998,33,Research & Development,Healthcare Representative,No,Yes,5488,6,0.31773977737070336,Low
852,44,Research & Development,Healthcare Representative,No,No,5933,5,0.31725856618058745,Low
888,24,Research & Development,Laboratory Technician,No,No,3162,5,0.3170618883600942,Low
1081,51,Research & Development,Research Scientist,Yes,Yes,2461,10,0.3166613670384034,Low
342,37,Research & Development,Manufacturing Director,Yes,No,10048,1,0.3166549487466927,Low
1243,35,Sales,Sales Executive,No,Yes,10377,13,0.3161879802798203,Low
649,34,Research & Development,Research Scientist,No,Yes,3622,6,0.31565374536818364,Low
510,26,Research & Development,Research Scientist,Yes,No,3102,6,0.3149250154664313,Low
448,43,Research & Development,Laboratory Technician,No,No,5257,9,0.3147224145132661,Low
431,49,Research & Development,Healthcare Representative,No,Yes,13964,7,0.31450945958733495,Low
836,42,Research & Development,Manufacturing Director,No,No,4434,9,0.3145063958251979,Low
903,47,Sales,Sales Executive,No,Yes,4537,7,0.31331954899119235,Low
793,29,Research & Development,Healthcare Representative,No,No,4335,8,0.31316775990750406,Low
474,37,Research & Development,Research Scientist,No,Yes,5974,7,0.3127851024488312,Low
1003,47,Sales,Sales Executive,No,Yes,4163,9,0.31249122132308343,Low
834,45,Research & Development,Research Scientist,No,No,2274,1,0.3117494898023781,Low
894,42,Research & Development,Laboratory Technician,No,Yes,5231,5,0.3116363541984766,Low
1640,37,Research & Development,Research Scientist,No,No,3936,8,0.3112887708245563,Low
247,34,Research & Development,Research Scientist,No,No,2311,3,0.3105921656675102,Low
1361,40,Research & Development,Laboratory Technician,No,No,2387,4,0.30886237034916814,Low
944,49,Research & Development,Laboratory Technician,No,No,7403,26,0.3075344028507652,Low
780,33,Research & Development,Research Scientist,Yes,Yes,2686,10,0.30678412478455236,Low
1324,31,Sales,Sales Executive,No,Yes,9852,10,0.3066526479978457,Low
1732,46,Sales,Sales Executive,No,Yes,10368,10,0.3060917323282418,Low
1114,33,Sales,Sales Executive,No,No,4302,3,0.30481198105003116,Low
1140,34,Research & Development,Manufacturing Director,No,No,4033,3,0.30348290650848875,Low
1683,44,Human Resources,Human Resources,No,Yes,3195,2,0.30304435768975374,Low
1794,37,Human Resources,Human Resources,No,No,4071,10,0.30260355763574864,Low
22,22,Research & Development,Laboratory Technician,No,Yes,2935,1,0.3019216159998931,Low
1515,33,Research & Development,Healthcare Representative,No,Yes,6388,0,0.3007559151737656,Low
1731,47,Sales,Sales Executive,No,No,4978,1,0.30059999851457286,Low
433,52,Research & Development,Research Scientist,Yes,No,4941,8,0.2999473606855711,Low
961,31,Research & Development,Healthcare Representative,No,Yes,5855,9,0.2991176134352371,Low
171,43,Research & Development,Research Scientist,No,No,4739,3,0.29878181426711276,Low
757,34,Research & Development,Healthcare Representative,No,No,6142,5,0.29806742037236433,Low
293,27,Sales,Sales Executive,No,No,9981,7,0.29781920842692255,Low
151,34,Research & Development,Research Scientist,No,No,4505,1,0.2970872417951724,Low
675,22,Research & Development,Research Scientist,No,No,2773,2,0.29638896299955,Low
806,30,Research & Development,Laboratory Technician,No,No,3833,2,0.2960461567518566,Low
1708,41,Sales,Sales Executive,No,No,9241,10,0.29550625187481133,Low
1982,23,Research & Development,Laboratory Technician,No,No,2647,5,0.29479116512788345,Low
176,41,Sales,Sales Executive,No,Yes,8189,9,0.2931797509789371,Low
442,31,Research & Development,Manufacturing Director,No,No,8943,10,0.2930811273712878,Low
1749,31,Sales,Sales Executive,No,No,8346,5,0.2930662840866036,Low
1859,29,Research & Development,Healthcare Representative,No,No,6384,7,0.29251467100485534,Low
49,35,Sales,Sales Representative,No,No,2014,2,0.2915921420549529,Low
1310,39,Research & Development,Research Scientist,Yes,No,3904,5,0.29147511070069626,Low
169,22,Research & Development,Laboratory Technician,No,No,2523,2,0.2905856875175586,Low
789,36,Sales,Sales Executive,No,No,7587,10,0.28949703317810116,Low
1477,33,Sales,Sales Executive,No,No,4373,4,0.2885704409782995,Low
1358,25,Research & Development,Laboratory Technician,No,No,3669,3,0.2883081726066684,Low
1034,55,Research & Development,Healthcare Representative,No,Yes,6385,8,0.28769239491125737,Low
1485,34,Research & Development,Research Director,No,No,17007,14,0.28738718268936336,Low
560,26,Research & Development,Research Scientist,No,No,2886,3,0.2870288452912852,Low
388,29,Sales,Sales Executive,No,No,4554,10,0.2868719393109354,Low
8,32,Research & Development,Laboratory Technician,No,No,3068,7,0.2860345116312161,Low
97,36,Research & Development,Laboratory Technician,No,No,3038,1,0.2852087229660025,Low
1924,33,Sales,Sales Executive,No,No,5487,10,0.2850850088712755,Low
1172,35,Research & Development,Laboratory Technician,No,No,2258,8,0.28415294298127325,Low
1401,52,Research & Development,Manufacturing Director,No,Yes,13247,5,0.2837565338377312,Low
134,32,Research & Development,Research Scientist,No,No,2956,1,0.2832086022462737,Low
428,33,Research & Development,Manager,No,No,11878,10,0.28297978493734705,Low
1028,35,Research & Development,Laboratory Technician,No,No,3917,3,0.28281002921230297,Low
1638,38,Research & Development,Manufacturing Director,No,Yes,7756,5,0.2814078761047107,Low
1430,31,Research & Development,Research Director,No,No,16422,3,0.281236978665003,Low
1068,26,Research & Development,Research Scientist,No,No,2007,5,0.2806717714695204,Low
804,34,Research & Development,Research Scientist,No,No,4381,6,0.2786237865023548,Low
1598,40,Sales,Sales Executive,No,No,4639,5,0.2768429210975522,Low
981,53,Sales,Manager,No,No,14852,17,0.27663380663613235,Low
1597,34,Research & Development,Healthcare Representative,No,No,5063,8,0.2748672526553361,Low
1076,43,Sales,Sales Executive,No,No,10798,1,0.2735018298148514,Low
1453,31,Sales,Sales Executive,No,No,10793,13,0.2732253266514158,Low
18,34,Research & Development,Laboratory Technician,No,No,2661,2,0.27252407482569624,Low
1647,27,Research & Development,Research Scientist,No,No,3517,3,0.27120062651134547,Low
1002,45,Research & Development,Laboratory Technician,No,Yes,3633,9,0.2709995570184446,Low
1648,27,Research & Development,Research Scientist,No,No,2580,4,0.2700739799607879,Low
1025,41,Research & Development,Manufacturing Director,No,No,5003,2,0.2696724913092397,Low
1224,30,Research & Development,Laboratory Technician,No,No,3491,10,0.26921051441500554,Low
416,31,Sales,Sales Executive,No,No,6929,8,0.26911924736375076,Low
419,36,Research & Development,Laboratory Technician,No,No,5674,9,0.267862508636433,Low
567,30,Sales,Sales Executive,No,No,8412,9,0.2676059085014228,Low
199,41,Research & Development,Manager,No,No,17181,7,0.2653638325973375,Low
995,33,Research & Development,Research Scientist,No,No,3452,3,0.2648244963620437,Low
159,30,Research & Development,Research Scientist,No,No,2613,10,0.264577249698011,Low
21,32,Research & Development,Research Scientist,No,Yes,3298,6,0.2637005316635784,Low
775,34,Research & Development,Manufacturing Director,No,No,5121,0,0.2632419158131396,Low
192,45,Research & Development,Research Scientist,No,No,3452,6,0.2625978355186965,Low
1700,37,Sales,Sales Executive,No,No,9525,6,0.26143803948988714,Low
531,39,Research & Development,Manager,No,Yes,19197,21,0.2590670522930375,Low
379,21,Research & Development,Research Scientist,No,No,3230,3,0.25791288710328747,Low
283,29,Sales,Sales Executive,Yes,No,7639,10,0.2576395513026357,Low
52,33,Sales,Sales Executive,No,No,5376,5,0.25740068369900004,Low
2024,36,Sales,Sales Executive,No,No,7644,9,0.256772023702044,Low
406,35,Sales,Sales Executive,No,No,8020,11,0.25659823206150334,Low
2044,50,Sales,Sales Executive,Yes,No,6728,6,0.25630072833914797,Low
526,43,Research & Development,Healthcare Representative,No,Yes,4522,5,0.25627460542416775,Low
1179,30,Sales,Sales Executive,No,No,6578,10,0.25595270395844677,Low
1011,31,Research & Development,Manufacturing Director,No,No,4148,4,0.25476932994476137,Low
601,40,Research & Development,Manufacturing Director,No,No,13237,20,0.25466134934028606,Low
110,34,Research & Development,Manufacturing Director,No,No,4325,5,0.25463466397244244,Low
615,40,Sales,Sales Executive,No,No,10932,1,0.25439215295796014,Low
1581,26,Research & Development,Research Scientist,No,No,2061,1,0.25427333541203223,Low
224,27,Research & Development,Research Scientist,No,Yes,2566,1,0.2540353709849627,Low
1048,59,Sales,Manager,No,Yes,11904,6,0.2534299240238554,Low
20,29,Research & Development,Manufacturing Director,No,No,9980,10,0.2532161037045931,Low
118,46,Sales,Sales Executive,Yes,No,9619,9,0.25214479382604293,Low
244,46,Sales,Sales Executive,No,No,10453,24,0.25201917571798627,Low
302,45,Sales,Sales Executive,No,No,8865,19,0.2515625557827703,Low
1309,32,Research & Development,Laboratory Technician,Yes,No,4883,10,0.2489927007828974,Low
153,34,Research & Development,Manager,No,No,11631,11,0.24829775607650637,Low
1278,55,Research & Development,Healthcare Representative,No,Yes,13577,33,0.24640409173500075,Low
1513,29,Research & Development,Laboratory Technician,No,No,3180,3,0.2456194722281944,Low
1460,45,Research & Development,Healthcare Representative,No,Yes,10851,7,0.24498189939521883,Low
230,38,Sales,Sales Executive,No,No,8686,8,0.24468732074400956,Low
895,31,Research & Development,Research Scientist,No,Yes,2356,6,0.24393687107827386,Low
449,27,Sales,Sales Executive,No,Yes,6349,5,0.24392415653033564,Low
152,37,Sales,Sales Executive,No,No,7428,5,0.2434361578126476,Low
1918,26,Research & Development,Laboratory Technician,No,No,2544,7,0.2427364967919439,Low
1459,31,Research & Development,Manufacturing Director,Yes,No,7446,10,0.24202295629115697,Low
868,37,Sales,Sales Executive,No,No,6334,1,0.24186919490617365,Low
483,40,Research & Development,Laboratory Technician,No,Yes,2213,7,0.24185817246609728,Low
992,33,Sales,Manager,No,No,17444,10,0.24173296361556842,Low
498,28,Sales,Sales Executive,No,No,5253,7,0.241415475322229,Low
714,27,Sales,Sales Executive,No,Yes,4647,6,0.24099572426208096,Low
249,50,Research & Development,Laboratory Technician,No,No,3690,3,0.23915323921449141,Low
859,32,Sales,Sales Executive,No,No,4403,5,0.23773262729867822,Low
920,43,Research & Development,Manufacturing Director,No,No,4765,1,0.2369115585753382,Low
2038,32,Research & Development,Research Scientist,No,No,2439,4,0.23679087375931898,Low
1084,30,Research & Development,Manufacturing Director,No,No,9957,6,0.23669113047500362,Low
1673,31,Sales,Sales Executive,No,No,5476,10,0.23662155956653605,Low
1032,59,Research & Development,Manufacturing Director,No,Yes,13726,5,0.23617474410747247,Low
1837,58,Research & Development,Research Director,No,Yes,15787,2,0.235870419451264,Low
682,53,Sales,Sales Executive,No,No,8381,14,0.2355372488300162,Low
1701,34,Research & Development,Research Scientist,No,No,2929,10,0.23494626295165097,Low
1628,40,Research & Development,Manufacturing Director,No,No,10435,18,0.2345223887867054,Low
1417,26,Research & Development,Laboratory Technician,No,No,3578,7,0.23337710655256164,Low
1623,21,Research & Development,Research Scientist,No,No,3117,2,0.23315835887914926,Low
439,32,Research & Development,Research Scientist,No,No,5055,7,0.23303680277426497,Low
1082,28,Research & Development,Healthcare Representative,Yes,No,8722,10,0.23077178279609425,Low
73,33,Research & Development,Research Director,No,Yes,13458,15,0.23054890193956515,Low
547,42,Research & Development,Research Scientist,No,No,4556,5,0.23044718383839036,Low
1475,44,Research & Development,Research Scientist,No,No,3420,5,0.22988076529380783,Low
332,39,Research & Development,Laboratory Technician,No,No,2232,3,0.22972030635799842,Low
367,31,Research & Development,Healthcare Representative,No,No,5582,9,0.22835246726635677,Low
12,38,Research & Development,Manufacturing Director,No,No,9526,9,0.2278115005716656,Low
1080,46,Research & Development,Research Scientist,No,Yes,4615,16,0.22774113498372217,Low
532,56,Sales,Sales Executive,No,No,13212,7,0.22626711814922398,Low
1931,27,Research & Development,Research Scientist,No,No,2226,5,0.2257278949902545,Low
476,26,Sales,Sales Executive,No,No,5296,8,0.22437967394034045,Low
1706,43,Sales,Sales Executive,No,Yes,7847,10,0.22375237475201062,Low
1599,43,Research & Development,Laboratory Technician,No,No,4876,6,0.22332795327166446,Low
1138,49,Sales,Sales Executive,No,No,13120,9,0.223079852756721,Low
1252,31,Research & Development,Healthcare Representative,No,No,6812,10,0.22159027612296361,Low
132,44,Research & Development,Laboratory Technician,No,No,2042,3,0.22153032777206272,Low
1557,48,Sales,Sales Executive,No,No,6439,8,0.22114128360929936,Low
523,34,Sales,Sales Executive,No,No,6538,3,0.22019510298823303,Low
1558,29,Research & Development,Research Scientist,No,No,2451,1,0.21977479393803062,Low
1937,38,Research & Development,Research Scientist,No,Yes,2133,20,0.218660741995514,Low
481,36,Sales,Sales Executive,No,No,9699,13,0.21863526907465325,Low
343,39,Research & Development,Healthcare Representative,No,No,10938,19,0.21832204168161415,Low
384,26,Research & Development,Manufacturing Director,No,No,6397,6,0.2179916491501995,Low
1993,47,Research & Development,Healthcare Representative,No,No,8633,17,0.21798609017893214,Low
1103,34,Research & Development,Healthcare Representative,No,No,7756,6,0.2171245206335996,Low
869,28,Human Resources,Human Resources,No,No,4936,5,0.21662697818742283,Low
1595,42,Research & Development,Manager,No,No,19613,1,0.21657983917751242,Low
1954,29,Research & Development,Healthcare Representative,No,No,5373,5,0.21651330662631157,Low
1260,29,Research & Development,Healthcare Representative,No,Yes,6623,6,0.21650944214349718,Low
812,24,Research & Development,Laboratory Technician,No,No,2694,1,0.2139784023942238,Low
1909,41,Sales,Sales Executive,No,No,4393,5,0.21391430150844185,Low
624,46,Research & Development,Healthcare Representative,No,No,10527,2,0.21364140702323847,Low
717,34,Research & Development,Healthcare Representative,No,No,8621,8,0.21361557293492586,Low
178,36,Research & Development,Manufacturing Director,No,No,4941,3,0.2135071962738115,Low
705,23,Research & Development,Research Scientist,No,No,2819,3,0.21321090999566913,Low
206,45,Research & Development,Laboratory Technician,No,No,2348,17,0.21312551538584318,Low
1619,27,Research & Development,Laboratory Technician,No,No,4066,7,0.2114448525645589,Low
1762,29,Research & Development,Research Scientist,No,No,2109,1,0.21131161626836112,Low
499,49,Research & Development,Healthcare Representative,No,No,10965,5,0.21127836769206784,Low
626,37,Sales,Sales Executive,No,No,8834,9,0.21069468250479859,Low
221,28,Research & Development,Research Scientist,No,No,2713,5,0.2103205698813803,Low
515,37,Research & Development,Laboratory Technician,No,No,3034,18,0.2093888874714376,Low
825,58,Research & Development,Research Director,Yes,Yes,19246,31,0.20934022758803172,Low
1898,27,Sales,Sales Executive,No,No,6500,8,0.20914631710212794,Low
2048,40,Research & Development,Research Scientist,No,No,2809,2,0.20910813793056107,Low
337,31,Research & Development,Research Director,No,No,13675,2,0.20660901414557373,Low
548,30,Research & Development,Manufacturing Director,No,No,6091,5,0.20567193285045737,Low
1293,43,Sales,Sales Executive,No,No,10231,21,0.20537551029669238,Low
141,50,Research & Development,Research Director,No,Yes,18172,8,0.2053380539616297,Low
430,43,Research & Development,Laboratory Technician,No,No,2455,8,0.20518453858438115,Low
1651,36,Research & Development,Healthcare Representative,No,No,8008,3,0.20501878775124405,Low
1814,41,Research & Development,Healthcare Representative,No,No,6870,3,0.20499936726919774,Low
1267,44,Sales,Manager,No,No,18213,22,0.20224347113709,Low
1207,33,Human Resources,Human Resources,No,No,3600,5,0.20220379557594473,Low
1809,37,Research & Development,Manufacturing Director,Yes,No,4213,10,0.2010214020274612,Low
1654,39,Research & Development,Manufacturing Director,No,No,5295,5,0.20061488214627626,Low
1962,35,Sales,Sales Executive,No,Yes,5204,10,0.2001760584989856,Low
1803,42,Research & Development,Healthcare Representative,No,No,5538,0,0.20005810381191394,Low
787,55,Research & Development,Manager,Yes,Yes,19859,5,0.19937747734515224,Low
958,36,Research & Development,Laboratory Technician,No,No,2519,11,0.19907395791555801,Low
1527,46,Sales,Manager,No,No,16606,13,0.19856961488513042,Low
1681,33,Sales,Sales Executive,No,Yes,5368,6,0.1979525514720111,Low
664,48,Research & Development,Manager,No,No,15402,3,0.19777157875721313,Low
1009,24,Research & Development,Manufacturing Director,No,No,4377,4,0.1971632490464345,Low
1813,43,Research & Development,Research Scientist,No,No,2438,3,0.1970815503084009,Low
1721,31,Research & Development,Laboratory Technician,No,No,3477,5,0.19627177954271074,Low
1969,54,Research & Development,Research Scientist,No,No,2897,4,0.1956761649734247,Low
314,35,Sales,Sales Executive,No,No,8789,10,0.19505031300693135,Low
909,39,Human Resources,Human Resources,No,No,5204,5,0.1948827289030097,Low
1938,58,Sales,Manager,No,Yes,17875,1,0.19459591567266538,Low
53,35,Research & Development,Laboratory Technician,No,No,1951,1,0.19440279915784542,Low
1190,32,Sales,Sales Representative,No,No,2827,1,0.1942885689220393,Low
1719,45,Research & Development,Research Director,No,No,16704,21,0.19378490704941687,Low
1866,43,Research & Development,Manager,No,No,19392,16,0.1930323842227496,Low
158,43,Sales,Manager,No,Yes,16959,25,0.19278887844983436,Low
105,35,Research & Development,Research Scientist,No,No,2859,6,0.19246006397367074,Low
1471,44,Research & Development,Laboratory Technician,No,No,3162,5,0.19224421913492865,Low
602,39,Research & Development,Laboratory Technician,No,No,3755,8,0.19215359477352562,Low
597,55,Sales,Manager,No,No,16835,10,0.19149987435201848,Low
241,56,Research & Development,Research Scientist,No,Yes,4257,2,0.19129769278350148,Low
100,35,Sales,Sales Executive,No,No,4312,15,0.19126208113453408,Low
13,36,Research & Development,Healthcare Representative,No,No,5237,7,0.1908853586211687,Low
847,34,Human Resources,Human Resources,No,No,3737,3,0.19029940572153975,Low
897,53,Sales,Sales Executive,No,No,11836,2,0.18954399011414597,Low
471,32,Research & Development,Laboratory Technician,No,No,2370,8,0.18938477150222838,Low
1772,41,Research & Development,Laboratory Technician,No,No,2289,5,0.18934549589094404,Low
154,36,Sales,Sales Executive,No,No,9738,9,0.18827491717871706,Low
1751,27,Research & Development,Research Scientist,No,No,3445,6,0.18816346159712202,Low
226,50,Research & Development,Manager,No,No,19926,5,0.18812412939167497,Low
1006,38,Research & Development,Research Scientist,No,No,2684,2,0.18807861149115251,Low
264,45,Research & Development,Manager,No,No,16792,20,0.18799068674106534,Low
680,30,Research & Development,Research Scientist,No,No,2083,1,0.18776152374696345,Low
1582,38,Sales,Sales Executive,No,No,9924,9,0.18710398901048253,Low
1317,50,Research & Development,Research Director,No,Yes,16880,3,0.1870996618068496,Low
35,42,Sales,Sales Executive,No,No,6825,9,0.1854297409769753,Low
260,27,Research & Development,Research Scientist,No,No,2279,7,0.18380361485679741,Low
458,27,Sales,Sales Executive,No,No,6214,8,0.18354108708590502,Low
1951,34,Sales,Sales Executive,No,No,8628,8,0.18348362186910694,Low
930,28,Research & Development,Research Scientist,No,No,2377,2,0.1834519842821953,Low
1756,33,Sales,Sales Executive,No,No,5147,11,0.1834442621899033,Low
707,25,Sales,Sales Executive,No,No,4851,3,0.18309174484538038,Low
1922,45,Research & Development,Healthcare Representative,No,No,5399,4,0.18225104324077188,Low
957,41,Research & Development,Laboratory Technician,No,Yes,4721,18,0.1819775779048903,Low
341,45,Research & Development,Manufacturing Director,No,No,6434,3,0.18187911006559473,Low
1618,39,Research & Development,Manufacturing Director,No,No,5377,7,0.181502200141248,Low
677,33,Sales,Sales Executive,No,No,7104,5,0.18127771427997053,Low
1073,36,Research & Development,Manufacturing Director,No,No,8858,14,0.18115237221940458,Low
387,42,Sales,Sales Executive,No,No,4907,20,0.18084443676227233,Low
621,34,Sales,Sales Executive,No,No,5337,10,0.18070039320696585,Low
899,35,Research & Development,Manufacturing Director,No,No,10903,13,0.18051512478697107,Low
1834,28,Research & Development,Research Scientist,No,No,3591,3,0.1800407865004193,Low
857,36,Sales,Sales Executive,No,Yes,6201,18,0.17927090838421955,Low
1322,39,Research & Development,Manufacturing Director,No,No,4534,8,0.17887335778671756,Low
1265,34,Research & Development,Research Scientist,No,No,2585,1,0.17880377997751962,Low
217,22,Research & Development,Research Scientist,No,No,2323,2,0.17830016507063423,Low
1027,27,Research & Development,Manufacturing Director,No,No,4227,3,0.17585961731636623,Low
1012,18,Research & Development,Research Scientist,No,No,1051,0,0.17495423952670874,Low
1221,36,Research & Development,Laboratory Technician,No,No,2741,7,0.17412128909729693,Low
423,31,Research & Development,Research Scientist,No,Yes,4821,5,0.1738887916410068,Low
1161,37,Research & Development,Healthcare Representative,No,No,5731,6,0.17269312164406272,Low
197,30,Research & Development,Research Scientist,No,No,3204,3,0.1725295951960343,Low
477,42,Research & Development,Healthcare Representative,No,No,6781,1,0.17249958093967055,Low
334,41,Research & Development,Research Scientist,No,No,3072,1,0.17244312401208922,Low
942,35,Research & Development,Healthcare Representative,No,Yes,4014,10,0.1715182096447227,Low
655,27,Research & Development,Research Scientist,No,No,2187,5,0.17143921187185776,Low
1254,59,Sales,Sales Executive,No,No,5171,6,0.17120325141324744,Low
631,32,Sales,Sales Executive,Yes,No,4707,4,0.1711280031947217,Low
1062,37,Research & Development,Healthcare Representative,No,No,4107,4,0.17008255435882988,Low
865,32,Research & Development,Research Scientist,No,No,5175,5,0.16987838221531687,Low
516,40,Sales,Sales Executive,No,No,5715,5,0.1696564144575228,Low
1060,38,Research & Development,Research Scientist,No,No,2821,2,0.1693382608550998,Low
568,57,Sales,Manager,No,No,14118,1,0.1692857390258192,Low
1368,18,Research & Development,Laboratory Technician,No,No,1611,0,0.1686435447504866,Low
949,36,Research & Development,Research Scientist,No,No,4678,6,0.16839224884317527,Low
1555,32,Research & Development,Research Scientist,No,No,5878,7,0.16762283056325997,Low
350,25,Research & Development,Manufacturing Director,No,No,4898,4,0.16760670784590104,Low
1137,35,Sales,Sales Executive,No,No,4968,5,0.16757194998459962,Low
623,37,Research & Development,Manufacturing Director,No,No,7491,6,0.16687331583034454,Low
231,32,Research & Development,Research Scientist,No,No,3038,5,0.16667743186988512,Low
985,39,Sales,Sales Executive,No,No,7880,8,0.16627162740603277,Low
966,32,Research & Development,Manufacturing Director,No,No,6725,8,0.16551930467824535,Low
1994,33,Research & Development,Laboratory Technician,No,No,2008,1,0.16486921818412487,Low
2034,41,Research & Development,Manufacturing Director,No,No,13570,20,0.1636542270062045,Low
1800,39,Research & Development,Research Director,No,No,13464,4,0.16341508162563204,Low
339,34,Research & Development,Manufacturing Director,No,No,5957,11,0.16302033153488968,Low
1349,41,Sales,Sales Executive,No,No,4103,9,0.16250142902725281,Low
704,35,Research & Development,Laboratory Technician,No,No,1281,1,0.1624436629421399,Low
1949,36,Research & Development,Laboratory Technician,No,No,2810,5,0.16208721352308447,Low
2035,34,Sales,Sales Executive,No,No,6712,8,0.1618331439852275,Low
450,54,Research & Development,Research Scientist,No,No,4869,4,0.16117463922598232,Low
42,39,Sales,Sales Representative,Yes,No,2086,1,0.16054395504485972,Low
1745,30,Research & Development,Research Scientist,No,No,4968,9,0.1602381716130522,Low
1241,30,Research & Development,Research Scientist,No,Yes,3579,11,0.16012102020557753,Low
1022,48,Research & Development,Healthcare Representative,No,No,4240,2,0.15914084222922031,Low
1871,39,Research & Development,Research Scientist,No,No,3902,2,0.15843372927550384,Low
333,32,Sales,Sales Executive,No,No,4465,3,0.15717597624100116,Low
716,50,Research & Development,Laboratory Technician,No,Yes,3221,20,0.15668003937301472,Low
1162,27,Research & Development,Research Scientist,No,No,2539,4,0.15666841179968066,Low
223,57,Research & Development,Healthcare Representative,No,Yes,9439,5,0.15621612464337106,Low
661,43,Research & Development,Research Director,No,Yes,16627,1,0.1559649450958196,Low
1441,56,Research & Development,Research Scientist,No,No,2066,3,0.15591750890232528,Low
420,32,Sales,Sales Executive,No,No,5484,13,0.15580915869735043,Low
63,35,Research & Development,Laboratory Technician,No,No,2269,1,0.1554255219278114,Low
162,51,Research & Development,Research Director,No,No,19537,20,0.15519362254138855,Low
712,48,Sales,Sales Executive,No,No,8120,2,0.1551875256312396,Low
1782,38,Research & Development,Laboratory Technician,No,No,3702,5,0.15497574186020827,Low
1948,31,Research & Development,Research Scientist,No,Yes,3065,4,0.15446382402808134,Low
412,28,Research & Development,Healthcare Representative,No,No,5661,8,0.15431571860688473,Low
733,27,Research & Development,Manufacturing Director,No,No,8793,9,0.15429189174186858,Low
1973,55,Human Resources,Manager,No,Yes,19636,10,0.15268233579978613,Low
452,45,Research & Development,Research Scientist,No,No,3697,10,0.15178839168137995,Low
1097,28,Research & Development,Research Scientist,No,No,3660,8,0.15112826849298697,Low
271,38,Research & Development,Manufacturing Director,No,No,6553,1,0.15007744190859326,Low
1029,42,Sales,Manager,No,No,18303,1,0.1497595385924717,Low
1798,33,Research & Development,Research Scientist,No,No,3143,10,0.14965370859289379,Low
300,29,Research & Development,Research Scientist,Yes,No,2058,6,0.14910320543221686,Low
616,41,Research & Development,Healthcare Representative,No,Yes,6811,8,0.14794664746110683,Low
1152,38,Human Resources,Human Resources,No,No,2844,7,0.14771366184232165,Low
465,23,Research & Development,Research Scientist,No,No,2904,4,0.14756456131903875,Low
1852,29,Research & Development,Laboratory Technician,No,No,3812,11,0.14632615541957095,Low
1986,40,Sales,Sales Executive,No,No,5677,11,0.14606693503935889,Low
211,51,Research & Development,Manufacturing Director,No,No,6132,1,0.14492798439635818,Low
1446,32,Sales,Sales Executive,No,No,9204,4,0.14440861540473623,Low
1497,29,Sales,Sales Executive,No,No,8620,10,0.14340372843327728,Low
1005,50,Research & Development,Manufacturing Director,No,Yes,13973,12,0.14334063845834227,Low
769,53,Research & Development,Laboratory Technician,No,No,2450,2,0.14190791704021674,Low
1516,32,Research & Development,Manager,No,No,11244,5,0.14087446001307247,Low
1206,44,Research & Development,Research Scientist,No,No,2290,0,0.140649908843572,Low
497,27,Research & Development,Laboratory Technician,No,No,3816,5,0.14051488433476103,Low
1431,34,Research & Development,Research Scientist,No,No,2996,4,0.1401657387323725,Low
346,29,Research & Development,Research Scientist,No,No,2340,6,0.13898228740681237,Low
969,33,Research & Development,Healthcare Representative,No,No,6949,5,0.13891502466001665,Low
2052,35,Research & Development,Research Scientist,No,No,2977,4,0.13883083937420423,Low
468,42,Research & Development,Research Director,No,No,15992,1,0.13877637522478634,Low
1184,34,Research & Development,Healthcare Representative,No,No,5343,13,0.1386911338174701,Low
1166,40,Research & Development,Research Director,No,No,13499,18,0.1383679199911825,Low
1109,42,Research & Development,Manager,No,No,17665,22,0.13781222118799813,Low
1369,35,Research & Development,Laboratory Technician,No,No,5363,9,0.13728656212226484,Low
218,27,Research & Development,Research Scientist,No,No,2024,2,0.13701024667637876,Low
1466,48,Sales,Sales Executive,No,No,5486,2,0.13693976944789987,Low
1588,39,Sales,Sales Executive,No,No,8237,7,0.1362484855898319,Low
215,40,Sales,Sales Executive,No,No,10855,12,0.13575563297748297,Low
1615,34,Research & Development,Manufacturing Director,No,No,4724,9,0.13475634794948216,Low
378,37,Sales,Sales Executive,No,No,6502,5,0.1347320196534683,Low
1346,40,Research & Development,Research Scientist,No,No,4661,9,0.13399846183623823,Low
1355,38,Sales,Sales Executive,No,No,6893,7,0.13372864886774255,Low
786,34,Sales,Sales Executive,No,No,6274,6,0.13226257257738067,Low
338,33,Research & Development,Research Scientist,No,No,2911,2,0.13226170041985505,Low
327,43,Sales,Manager,No,Yes,16064,17,0.13206522729631198,Low
1829,40,Research & Development,Healthcare Representative,No,No,4448,7,0.13171096234563567,Low
1543,37,Research & Development,Research Scientist,No,No,4285,10,0.1309618514822858,Low
1544,29,Research & Development,Healthcare Representative,No,No,9715,7,0.13081230919509823,Low
562,30,Research & Development,Laboratory Technician,No,No,2097,5,0.13070553880956598,Low
1308,58,Research & Development,Research Scientist,No,No,2372,2,0.13005794963197528,Low
2031,42,Research & Development,Manager,No,No,18880,22,0.12985509391492583,Low
1315,28,Research & Development,Laboratory Technician,No,No,6674,9,0.1294074865827106,Low
372,45,Research & Development,Healthcare Representative,No,Yes,13496,20,0.12900126316574978,Low
1061,50,Research & Development,Research Director,No,Yes,19237,8,0.12878156067565258,Low
843,43,Research & Development,Research Director,No,No,17159,4,0.12849604098441164,Low
1965,27,Sales,Sales Executive,No,No,4105,7,0.12841808474043234,Low
524,31,Research & Development,Manufacturing Director,No,No,4306,13,0.1281886237583476,Low
1143,29,Research & Development,Research Scientist,No,No,3291,7,0.12800840630518995,Low
1757,49,Sales,Sales Executive,No,No,4507,5,0.12714290531490674,Low
1338,56,Human Resources,Manager,No,No,19717,7,0.12706159132244121,Low
143,25,Research & Development,Research Scientist,No,No,2889,2,0.1259831277512197,Low
2,49,Research & Development,Research Scientist,No,No,5130,10,0.12540024451917392,Low
709,38,Sales,Sales Executive,No,No,4028,7,0.1252940572149807,Low
1989,30,Research & Development,Laboratory Technician,No,No,3748,12,0.12529349961995434,Low
421,38,Research & Development,Research Director,No,No,12061,10,0.12451061848287967,Low
1947,28,Research & Development,Research Scientist,No,No,2144,5,0.12343202240571824,Low
340,37,Research & Development,Research Scientist,No,No,3920,3,0.12287281680669557,Low
1631,37,Research & Development,Manufacturing Director,No,No,5768,4,0.12230054807640792,Low
820,47,Research & Development,Manager,No,Yes,16752,26,0.12069929214675773,Low
1367,51,Research & Development,Manufacturing Director,No,No,13142,5,0.11998418411764772,Low
1501,55,Research & Development,Healthcare Representative,No,Yes,4035,3,0.11988063696477354,Low
630,52,Research & Development,Research Scientist,No,Yes,5577,10,0.11967709248239096,Low
2008,35,Research & Development,Research Scientist,No,No,5098,10,0.1191976915149473,Low
1737,39,Research & Development,Laboratory Technician,No,Yes,6472,9,0.11894065976897987,Low
2065,49,Sales,Sales Executive,No,No,5390,9,0.11830716464826545,Low
728,47,Sales,Sales Executive,No,No,4960,7,0.11795248231138618,Low
725,27,Research & Development,Manufacturing Director,No,No,7412,9,0.117352788146133,Low
1026,39,Research & Development,Manufacturing Director,No,No,12742,21,0.11667076411030271,Low
335,40,Research & Development,Research Scientist,No,No,3319,9,0.1165564770965472,Low
1573,38,Research & Development,Manufacturing Director,Yes,No,4855,5,0.11641064866717513,Low
571,30,Research & Development,Laboratory Technician,No,No,2564,11,0.11624223894977766,Low
710,29,Research & Development,Research Scientist,No,No,2720,10,0.11621893115598295,Low
1775,53,Research & Development,Manufacturing Director,No,Yes,12965,3,0.11612083622866204,Low
393,38,Research & Development,Healthcare Representative,No,No,5745,2,0.11537854545013641,Low
544,45,Research & Development,Research Scientist,No,No,2654,2,0.11525623173094293,Low
534,41,Sales,Sales Executive,No,No,8392,10,0.11479369146351069,Low
2019,52,Sales,Sales Representative,No,No,3482,9,0.11439424103897541,Low
722,32,Sales,Sales Executive,No,No,5396,10,0.11425932214895096,Low
58,41,Research & Development,Research Director,Yes,No,19545,22,0.11413180274010301,Low
1869,46,Sales,Sales Executive,Yes,No,7314,8,0.11353564457539012,Low
1270,23,Research & Development,Research Scientist,No,No,1223,1,0.11293860259201528,Low
1440,37,Research & Development,Laboratory Technician,No,No,3500,6,0.11254643511972606,Low
349,29,Sales,Sales Executive,No,No,6931,3,0.11197458171332897,Low
721,39,Research & Development,Healthcare Representative,No,No,4553,20,0.11156433834748702,Low
101,45,Research & Development,Research Director,No,Yes,13245,0,0.11098405146786564,Low
1015,30,Research & Development,Research Director,No,Yes,11416,8,0.11001290415731753,Low
1892,40,Research & Development,Manager,No,No,16823,19,0.10971075567251676,Low
2007,22,Research & Development,Research Scientist,No,No,3375,3,0.10916574845154933,Low
408,51,Research & Development,Manufacturing Director,No,No,5482,4,0.10879169182977315,Low
1625,47,Human Resources,Manager,No,No,19658,5,0.10806449125141068,Low
1050,53,Sales,Sales Executive,No,No,7525,15,0.10749110043997502,Low
395,28,Research & Development,Research Scientist,No,No,3310,5,0.10682104713120992,Low
1703,44,Research & Development,Healthcare Representative,No,Yes,7879,8,0.10669746912211993,Low
1438,47,Research & Development,Research Scientist,No,No,3420,6,0.10651923698910144,Low
1182,35,Research & Development,Manufacturing Director,No,No,10274,7,0.1060955474934873,Low
1225,44,Research & Development,Research Scientist,No,No,4541,20,0.10595480340402591,Low
855,33,Sales,Sales Executive,No,No,4037,9,0.10593495139481625,Low
867,52,Research & Development,Manufacturing Director,No,No,13826,9,0.10576598252369776,Low
239,30,Research & Development,Laboratory Technician,No,No,3072,12,0.10570632081734627,Low
1592,23,Research & Development,Research Scientist,No,No,2073,2,0.10529337498922708,Low
1693,26,Research & Development,Laboratory Technician,No,No,2570,7,0.10491845695223731,Low
1696,34,Research & Development,Laboratory Technician,No,No,3986,15,0.10461896126127364,Low
287,40,Research & Development,Healthcare Representative,No,No,4876,3,0.1041283659539428,Low
1374,34,Research & Development,Research Scientist,No,No,2029,5,0.10405373624259875,Low
715,37,Research & Development,Research Scientist,No,No,4680,1,0.10371989507418329,Low
76,31,Research & Development,Laboratory Technician,No,No,5915,7,0.10356331489338251,Low
1268,33,Sales,Sales Executive,No,Yes,8380,9,0.10326533836178652,Low
204,35,Sales,Sales Executive,No,No,7295,10,0.10302647439424122,Low
1340,40,Research & Development,Research Scientist,No,No,3544,4,0.10247735688148193,Low
2041,38,Sales,Sales Executive,No,No,5343,10,0.10149784031373064,Low
826,35,Research & Development,Research Scientist,No,No,2506,2,0.10124635110690294,Low
1283,59,Research & Development,Manufacturing Director,No,No,10512,9,0.10021260418159675,Low
1256,49,Research & Development,Manager,No,No,18711,1,0.10004032017921152,Low
479,36,Sales,Sales Executive,No,No,6653,1,0.09947282565072928,Low
840,49,Sales,Sales Executive,Yes,No,7654,9,0.09893226807630665,Low
595,48,Sales,Sales Executive,No,No,4051,9,0.09866231796485464,Low
40,44,Research & Development,Healthcare Representative,No,Yes,6465,4,0.09754015407533297,Low
1177,26,Research & Development,Laboratory Technician,No,No,4420,8,0.0974859431497962,Low
202,40,Research & Development,Research Scientist,No,No,5605,20,0.09664578468704431,Low
1729,30,Research & Development,Research Scientist,No,No,2862,10,0.09657191294279824,Low
138,34,Research & Development,Research Scientist,No,No,4809,16,0.0964029081912003,Low
1038,52,Sales,Manager,Yes,No,19845,32,0.0954687312762165,Low
653,31,Sales,Sales Executive,No,No,5460,7,0.09481324175423554,Low
148,54,Human Resources,Manager,No,Yes,17328,5,0.09422054378095839,Low
501,36,Research & Development,Research Scientist,No,No,2543,2,0.09418165643028582,Low
1499,30,Human Resources,Human Resources,No,No,2064,5,0.09393448362400583,Low
106,55,Sales,Sales Executive,No,No,10239,1,0.09391818314636925,Low
107,38,Research & Development,Research Scientist,No,Yes,5329,13,0.09362055794351663,Low
273,38,Research & Development,Manufacturing Director,No,No,6261,7,0.09276865228104858,Low
880,35,Research & Development,Manufacturing Director,No,Yes,10685,17,0.09274364721566447,Low
2062,39,Research & Development,Healthcare Representative,No,No,9991,7,0.09233396499157087,Low
2025,36,Research & Development,Manufacturing Director,No,No,5131,4,0.09221868272214183,Low
689,37,Research & Development,Manufacturing Director,No,No,9434,10,0.09188620713334875,Low
1627,39,Research & Development,Laboratory Technician,No,No,3069,10,0.09111793337786328,Low
987,47,Research & Development,Manufacturing Director,No,Yes,5067,19,0.0910849482993103,Low
977,58,Research & Development,Research Scientist,Yes,No,2479,1,0.09081894192810898,Low
683,34,Research & Development,Research Scientist,No,No,2691,10,0.09055147867139256,Low
1192,29,Research & Development,Laboratory Technician,No,No,3131,10,0.0904485964777386,Low
1789,46,Research & Development,Research Director,No,Yes,19328,2,0.08981370739221013,Low
1778,43,Human Resources,Human Resources,No,No,3539,9,0.0882363756377255,Low
1823,34,Sales,Sales Executive,No,No,6799,10,0.08728120409027665,Low
945,48,Research & Development,Research Scientist,No,No,2259,0,0.08705038160338283,Low
1336,55,Research & Development,Manager,No,No,19187,19,0.08693981430656121,Low
86,45,Research & Development,Research Scientist,No,No,9724,1,0.08660933327732069,Low
1259,27,Research & Development,Research Scientist,No,No,2517,5,0.08660033748599413,Low
1574,32,Research & Development,Research Scientist,No,No,4087,6,0.08599007424851624,Low
1888,45,Research & Development,Manufacturing Director,No,No,5906,9,0.08586377350718188,Low
1288,44,Research & Development,Manager,No,No,19190,25,0.08562196963517864,Low
2037,41,Sales,Sales Executive,No,No,8938,5,0.08556229018364894,Low
1903,44,Research & Development,Healthcare Representative,No,No,5033,2,0.085277437845432,Low
924,36,Research & Development,Healthcare Representative,No,Yes,6586,16,0.0848148747529743,Low
797,34,Research & Development,Research Scientist,No,No,3280,4,0.08405956181410937,Low
410,41,Sales,Manager,No,No,16015,22,0.08348904826928284,Low
522,54,Research & Development,Research Director,No,No,19406,4,0.0833862737198758,Low
905,50,Research & Development,Manager,No,No,17924,31,0.08312002167529775,Low
1689,53,Research & Development,Healthcare Representative,No,No,7005,4,0.08186089590498788,Low
845,35,Research & Development,Manufacturing Director,No,No,10221,8,0.08169398737436906,Low
1755,34,Research & Development,Research Scientist,No,Yes,2932,5,0.0815583443544943,Low
1786,51,Research & Development,Manager,No,No,13116,2,0.08083241203378803,Low
947,31,Sales,Sales Executive,No,No,6932,9,0.08079801056959941,Low
505,55,Research & Development,Manager,No,Yes,16659,5,0.08075083297797551,Low
170,49,Research & Development,Manufacturing Director,No,No,6567,15,0.08068129911018208,Low
374,55,Research & Development,Manager,No,Yes,19045,36,0.08058995104222595,Low
1867,48,Research & Development,Research Director,No,No,19665,22,0.0805156901923537,Low
1120,29,Research & Development,Research Scientist,No,No,2514,7,0.08039536011352011,Low
242,33,Research & Development,Research Scientist,No,No,2500,3,0.07975096652748319,Low
1074,55,Research & Development,Manager,No,No,16756,9,0.07875629274759037,Low
2036,36,Sales,Sales Executive,No,No,5406,15,0.078697343428839,Low
940,58,Research & Development,Healthcare Representative,No,Yes,10552,6,0.07849789413127456,Low
887,49,Research & Development,Research Scientist,No,No,3580,4,0.07827357160526326,Low
126,54,Research & Development,Research Director,No,No,13549,4,0.078163057581613,Low
1099,33,Research & Development,Healthcare Representative,No,No,7119,3,0.07801469867635154,Low
851,51,Sales,Manager,No,No,16307,20,0.0777925731578382,Low
671,44,Research & Development,Manager,No,Yes,19513,2,0.07715732376890032,Low
102,37,Research & Development,Research Director,No,No,13664,5,0.0769779746497224,Low
129,28,Sales,Sales Executive,No,No,4221,5,0.07677250977955981,Low
292,30,Research & Development,Manufacturing Director,No,No,8474,11,0.0765967031239048,Low
1546,45,Research & Development,Research Scientist,No,No,2132,5,0.07598685203366752,Low
353,51,Research & Development,Research Scientist,No,No,2723,1,0.07581863410491936,Low
182,39,Sales,Sales Executive,No,No,5902,15,0.07530216851261096,Low
902,43,Research & Development,Healthcare Representative,No,No,5562,5,0.07516277430696526,Low
456,30,Sales,Sales Executive,No,No,6118,10,0.07513587823560232,Low
2016,32,Sales,Sales Executive,No,No,10422,14,0.07512167841437176,Low
491,50,Research & Development,Healthcare Representative,No,No,10496,4,0.07473392974880237,Low
1553,45,Research & Development,Healthcare Representative,No,No,7441,10,0.07447627101159836,Low
1457,46,Sales,Sales Executive,Yes,No,10096,7,0.07441208369429811,Low
23,53,Sales,Manager,No,No,15427,25,0.07375028642877722,Low
1249,29,Research & Development,Research Scientist,No,No,3760,3,0.07318029117666464,Low
1590,29,Research & Development,Healthcare Representative,No,No,8853,6,0.07301744779986016,Low
543,52,Research & Development,Manufacturing Director,No,Yes,7969,5,0.0728359723081891,Low
1124,46,Sales,Manager,No,No,17465,12,0.07263565341820524,Low
1257,36,Research & Development,Research Scientist,No,No,3692,11,0.07228807785943456,Low
1698,33,Research & Development,Laboratory Technician,No,No,2028,14,0.0722575498323774,Low
1231,42,Human Resources,Human Resources,No,No,6272,4,0.07174634829723361,Low
1644,48,Research & Development,Manager,No,No,15202,2,0.07062216676086513,Low
727,32,Research & Development,Research Director,No,No,11159,7,0.07002071292913196,Low
611,29,Research & Development,Manufacturing Director,No,No,4262,3,0.0695264340845485,Low
1024,48,Research & Development,Healthcare Representative,No,No,10999,15,0.06950386809034742,Low
1071,56,Research & Development,Research Scientist,No,No,2942,5,0.06928785810325391,Low
296,51,Research & Development,Research Director,No,No,12490,10,0.0692546172938249,Low
1911,42,Research & Development,Research Director,No,No,13348,13,0.06866214306922956,Low
469,29,Sales,Sales Executive,No,No,4649,4,0.06832868977823152,Low
1602,46,Sales,Manager,No,No,17567,26,0.06832358856038794,Low
195,32,Sales,Sales Executive,No,No,4668,8,0.06765894610828574,Low
307,38,Sales,Sales Executive,No,No,10609,16,0.06742668720759584,Low
1677,49,Research & Development,Manager,No,No,15379,8,0.06683875758991217,Low
377,28,Research & Development,Research Scientist,No,No,2070,5,0.06668716903289552,Low
94,29,Research & Development,Research Scientist,No,No,2703,5,0.06662135125613722,Low
116,51,Research & Development,Laboratory Technician,No,No,2075,4,0.06592280068892932,Low
98,31,Research & Development,Manufacturing Director,No,No,4424,11,0.06562255638731414,Low
830,32,Research & Development,Manufacturing Director,No,No,6162,14,0.0642947119527801,Low
26,24,Research & Development,Manufacturing Director,No,No,4011,4,0.06398805366837199,Low
253,40,Research & Development,Manager,No,No,19033,20,0.06326110862564203,Low
460,37,Research & Development,Manufacturing Director,No,No,6347,6,0.06315318365590436,Low
575,46,Research & Development,Research Director,No,No,17861,3,0.06302315592647427,Low
117,30,Research & Development,Healthcare Representative,No,No,4152,11,0.06277749270778223,Low
1246,44,Research & Development,Research Scientist,No,No,2011,10,0.06260514248788698,Low
227,41,Research & Development,Research Scientist,No,No,2451,9,0.061576877903612506,Low
1523,44,Research & Development,Research Director,No,No,16328,20,0.06148752155011464,Low
258,51,Research & Development,Healthcare Representative,No,No,13734,7,0.06141363748095315,Low
1712,45,Research & Development,Healthcare Representative,No,No,10748,23,0.06106279629908408,Low
1763,30,Research & Development,Healthcare Representative,No,No,5294,7,0.060648725470794806,Low
1552,40,Research & Development,Healthcare Representative,No,Yes,4069,2,0.060593167464043245,Low
2057,31,Research & Development,Manufacturing Director,No,No,9936,9,0.06023706707109149,Low
1727,46,Research & Development,Healthcare Representative,No,No,5562,10,0.06023515245295454,Low
256,34,Research & Development,Manufacturing Director,No,No,9547,10,0.06022544014778114,Low
309,59,Research & Development,Research Scientist,No,No,2177,1,0.059723055632601094,Low
1607,32,Research & Development,Research Scientist,No,No,3312,3,0.05967799243378622,Low
1858,28,Human Resources,Human Resources,No,No,2706,3,0.05956332043241807,Low
972,45,Research & Development,Laboratory Technician,No,No,4447,9,0.059520382762188954,Low
1707,24,Research & Development,Research Scientist,No,No,4401,5,0.059418844486652724,Low
1295,44,Research & Development,Healthcare Representative,Yes,No,7978,10,0.05915260812661262,Low
361,38,Sales,Sales Executive,No,No,5249,8,0.05890983369209749,Low
692,33,Research & Development,Healthcare Representative,No,No,7725,13,0.05809894845784642,Low
165,58,Research & Development,Healthcare Representative,Yes,No,10312,40,0.05758781243607263,Low
373,36,Research & Development,Laboratory Technician,No,No,3210,15,0.05750812687778178,Low
96,32,Research & Development,Research Scientist,No,No,6220,10,0.05750232239283893,Low
579,34,Research & Development,Research Scientist,No,No,2768,7,0.05689241350542134,Low
1658,34,Research & Development,Research Scientist,No,No,5433,11,0.05658693631489108,Low
1128,40,Research & Development,Research Director,No,No,19626,20,0.056405257348231846,Low
252,33,Research & Development,Research Scientist,No,No,2756,8,0.05597604988159231,Low
1805,38,Human Resources,Human Resources,No,No,2592,11,0.055796777047100996,Low
599,41,Sales,Sales Executive,No,No,6230,14,0.05570068522422631,Low
306,37,Research & Development,Research Director,No,Yes,12185,10,0.05522938524872182,Low
984,35,Sales,Sales Executive,No,No,7823,10,0.05500216830337103,Low
303,54,Sales,Sales Executive,No,No,5940,6,0.05488719201741083,Low
84,55,Research & Development,Manager,No,Yes,14756,5,0.054486904390405114,Low
1422,54,Research & Development,Research Director,No,No,17328,20,0.0543380078593511,Low
1621,35,Research & Development,Research Scientist,No,No,5208,16,0.05359731791589378,Low
996,45,Research & Development,Laboratory Technician,No,No,2270,5,0.05297342220625492,Low
1352,51,Human Resources,Manager,No,Yes,14026,33,0.05254009820498593,Low
77,37,Research & Development,Manufacturing Director,No,No,5993,7,0.05227972755395061,Low
1233,60,Sales,Sales Executive,No,Yes,5220,11,0.052006627132910654,Low
288,46,Research & Development,Healthcare Representative,No,No,9396,4,0.05169873902744057,Low
28,34,Research & Development,Research Director,No,No,11994,12,0.05141728019915777,Low
500,51,Sales,Sales Executive,No,No,4936,7,0.050777881594355985,Low
807,40,Research & Development,Healthcare Representative,No,No,4244,8,0.05059956493650183,Low
1863,46,Sales,Sales Executive,No,No,13225,19,0.050468644852499814,Low
1482,30,Research & Development,Research Scientist,No,No,1274,1,0.0489585313643178,Low
1976,42,Research & Development,Research Scientist,No,No,4332,20,0.04891056934854961,Low
1280,46,Sales,Manager,No,No,18789,11,0.04865063981449885,Low
742,36,Research & Development,Research Director,No,No,11713,8,0.04793030177133727,Low
308,31,Research & Development,Manufacturing Director,No,No,4345,5,0.04790162750329631,Low
564,29,Research & Development,Research Director,No,No,11935,10,0.04781447031569464,Low
762,56,Research & Development,Healthcare Representative,No,No,11103,10,0.04754857493147419,Low
1191,56,Research & Development,Manager,No,No,19943,5,0.047415436263222574,Low
1873,55,Research & Development,Research Scientist,No,No,2662,5,0.047364360399118524,Low
1473,49,Research & Development,Healthcare Representative,No,No,6651,3,0.04726052754478564,Low
551,42,Research & Development,Healthcare Representative,No,No,4523,6,0.04703302757617654,Low
1312,36,Research & Development,Healthcare Representative,No,No,7094,7,0.0466869986764185,Low
464,35,Research & Development,Manufacturing Director,No,No,8095,16,0.046173550312425364,Low
1408,42,Human Resources,Manager,No,No,16799,20,0.046150996613290626,Low
1670,33,Sales,Sales Executive,No,No,5505,6,0.045912069903442466,Low
112,56,Research & Development,Manufacturing Director,No,No,7260,6,0.045087196593335654,Low
606,45,Sales,Sales Executive,No,No,4805,8,0.04497389738912348,Low
1676,47,Sales,Manager,No,No,15972,3,0.04472148554969939,Low
844,27,Research & Development,Research Director,No,Yes,12808,9,0.04470586251435158,Low
824,29,Research & Development,Research Scientist,No,No,2700,10,0.04351619642651339,Low
1096,55,Research & Development,Manufacturing Director,No,No,10976,3,0.04329146088526504,Low
1655,49,Research & Development,Research Director,No,No,16413,4,0.043031067141710476,Low
1013,54,Research & Development,Manufacturing Director,No,No,10739,10,0.042514208446741183,Low
1971,43,Research & Development,Healthcare Representative,No,No,7510,10,0.04197570222699423,Low
1799,28,Research & Development,Research Scientist,No,No,2044,5,0.04175257540477975,Low
83,36,Research & Development,Healthcare Representative,No,No,10096,17,0.04127418524336117,Low
1375,40,Research & Development,Healthcare Representative,No,No,6377,12,0.0412322522592423,Low
734,41,Human Resources,Manager,No,No,19189,22,0.04029412265721579,Low
386,53,Research & Development,Research Director,No,Yes,17584,5,0.04025907278958395,Low
1995,38,Sales,Sales Executive,No,No,4440,15,0.040126461892843655,Low
1578,55,Sales,Manager,No,No,19586,36,0.040081341528331274,Low
1088,38,Research & Development,Healthcare Representative,No,No,8823,19,0.04007264005381093,Low
1764,32,Research & Development,Research Scientist,No,No,2718,7,0.039906463566824264,Low
160,33,Sales,Sales Executive,No,No,6146,7,0.03976151714316981,Low
1854,42,Research & Development,Research Scientist,No,No,2936,6,0.0392696009478006,Low
634,38,Research & Development,Healthcare Representative,No,No,9824,1,0.03921348069850074,Low
1474,40,Research & Development,Research Scientist,No,No,2345,3,0.03901354901872447,Low
1238,33,Research & Development,Research Scientist,No,No,2781,14,0.03812153421955561,Low
461,38,Research & Development,Research Director,No,Yes,11510,11,0.03808641732144083,Low
2022,39,Research & Development,Manager,No,No,19431,6,0.03804559279212001,Low
1774,34,Sales,Sales Executive,No,Yes,4001,15,0.038044954407739744,Low
250,53,Research & Development,Manufacturing Director,No,No,4450,4,0.03794509213735648,Low
823,36,Research & Development,Manufacturing Director,No,No,5228,9,0.03721973089211974,Low
441,30,Research & Development,Research Scientist,No,No,5775,10,0.037102423187675045,Low
1671,32,Research & Development,Research Scientist,No,No,5470,9,0.037009958580224454,Low
422,58,Research & Development,Healthcare Representative,No,Yes,5660,5,0.03618465064673253,Low
1661,49,Research & Development,Healthcare Representative,No,Yes,13966,15,0.03573471806711756,Low
612,33,Research & Development,Research Director,No,No,16184,6,0.03566476796107246,Low
131,58,Sales,Sales Executive,No,No,13872,37,0.03540155861599039,Low
1215,50,Research & Development,Manager,No,No,17856,2,0.03524475973230114,Low
1999,41,Research & Development,Research Scientist,No,No,2782,5,0.03520717181251752,Low
2017,37,Research & Development,Research Director,No,Yes,13744,16,0.03511442579724094,Low
1941,49,Research & Development,Research Director,No,No,19161,5,0.03477510627912465,Low
1770,55,Research & Development,Research Director,No,No,19038,1,0.03441521119772199,Low
140,59,Human Resources,Manager,No,No,18844,3,0.034217380527590706,Low
1662,36,Research & Development,Manufacturing Director,No,No,4374,3,0.03395257829158604,Low
1263,48,Research & Development,Research Director,No,No,18265,1,0.03394565433045705,Low
659,42,Research & Development,Healthcare Representative,No,No,4089,10,0.03353437624916207,Low
1821,46,Research & Development,Healthcare Representative,Yes,No,8926,9,0.03351580789867608,Low
1121,28,Research & Development,Manufacturing Director,No,No,7655,9,0.033174991178044656,Low
1608,44,Research & Development,Research Director,No,Yes,19049,22,0.03294103886671063,Low
1045,45,Sales,Manager,No,No,17650,9,0.03290631532727932,Low
1382,38,Research & Development,Research Scientist,No,No,2610,4,0.03242147492771559,Low
520,43,Research & Development,Research Director,No,No,14336,25,0.03213106320176188,Low
1245,54,Research & Development,Manufacturing Director,No,No,10502,5,0.0320735276943158,Low
1845,45,Sales,Sales Executive,No,No,5154,8,0.03201947841706473,Low
1664,36,Research & Development,Healthcare Representative,No,No,6842,5,0.03160655726146474,Low
1115,34,Research & Development,Research Scientist,No,No,2979,0,0.0315688807459271,Low
1334,42,Research & Development,Manager,No,Yes,17861,20,0.03128603739314963,Low
1728,35,Research & Development,Manufacturing Director,No,No,6883,7,0.0311744426157007,Low
1934,47,Research & Development,Research Scientist,No,No,5467,8,0.03089283251472315,Low
36,44,Research & Development,Healthcare Representative,No,No,10248,22,0.03087764841993365,Low
1955,32,Research & Development,Healthcare Representative,No,No,6667,5,0.030840314707650217,Low
391,37,Research & Development,Research Scientist,No,No,2115,17,0.030772646229951538,Low
1117,45,Sales,Sales Executive,No,No,5593,15,0.03051889097814574,Low
990,36,Sales,Sales Executive,No,No,5079,7,0.03007852431618648,Low
259,52,Research & Development,Manager,No,No,19999,33,0.029552754268340302,Low
1018,26,Research & Development,Manufacturing Director,No,No,5472,8,0.0292606170771525,Low
882,32,Research & Development,Laboratory Technician,No,No,2314,3,0.028972545261385076,Low
1830,54,Research & Development,Research Scientist,No,No,6854,7,0.028849084770379927,Low
581,31,Research & Development,Manufacturing Director,No,No,10648,13,0.028596034171539116,Low
574,47,Research & Development,Manufacturing Director,No,No,5070,5,0.028530403548538873,Low
438,31,Sales,Sales Executive,No,No,7547,7,0.028289638176213393,Low
1668,38,Research & Development,Research Scientist,No,No,4735,13,0.027748062198391613,Low
850,27,Research & Development,Research Scientist,No,No,1706,0,0.027564406254112987,Low
1857,46,Research & Development,Manufacturing Director,No,No,8578,9,0.027163889025991414,Low
319,42,Research & Development,Manager,No,No,19232,22,0.02714573675617668,Low
1940,38,Research & Development,Research Scientist,No,No,4771,5,0.026924751750969495,Low
487,46,Research & Development,Manufacturing Director,No,No,5258,1,0.026629062030682233,Low
1217,46,Research & Development,Research Director,No,No,19081,4,0.0264060198834698,Low
1666,43,Research & Development,Research Director,No,No,17603,14,0.026277674753733896,Low
1007,46,Research & Development,Manufacturing Director,No,No,10845,8,0.02581787174796848,Low
1047,34,Sales,Sales Executive,No,No,9725,15,0.025411820252254226,Low
638,49,Research & Development,Research Director,No,Yes,19502,31,0.02529532633527891,Low
369,25,Research & Development,Healthcare Representative,No,No,4000,6,0.025268603920034848,Low
1085,41,Research & Development,Research Scientist,No,No,3376,10,0.025155429786596573,Low
1900,48,Research & Development,Manager,No,No,17174,22,0.024396545271097646,Low
1449,40,Research & Development,Laboratory Technician,No,No,3975,8,0.024179511382639733,Low
1397,39,Research & Development,Healthcare Representative,No,No,10920,6,0.02401921064045145,Low
1771,33,Research & Development,Research Scientist,No,No,3055,9,0.023722788164097473,Low
270,42,Research & Development,Manufacturing Director,No,No,5265,5,0.023600160374718876,Low
724,38,Research & Development,Healthcare Representative,No,No,7625,9,0.02335900935230785,Low
1824,58,Sales,Manager,No,No,16291,16,0.02326783529695553,Low
1653,25,Research & Development,Manufacturing Director,No,No,5206,7,0.02318019557267272,Low
1665,54,Research & Development,Manager,No,No,17426,10,0.02274470733576621,Low
1133,36,Research & Development,Manufacturing Director,No,No,7779,11,0.02210422011577492,Low
1363,48,Research & Development,Manufacturing Director,No,No,7898,10,0.021705011168224656,Low
1304,32,Sales,Sales Executive,No,No,6209,10,0.02165185748559188,Low
558,40,Sales,Manager,No,No,18041,20,0.021354854721023987,Low
32,53,Research & Development,Manager,No,No,19094,14,0.020862096940931097,Low
550,46,Research & Development,Manufacturing Director,No,No,4810,10,0.02080514379981882,Low
1196,37,Research & Development,Manufacturing Director,No,No,6474,14,0.020748260397914615,Low
776,52,Sales,Manager,No,No,16856,34,0.02070590723342127,Low
1423,58,Research & Development,Research Director,No,Yes,19701,9,0.02069573566976429,Low
447,47,Research & Development,Research Director,No,No,18300,3,0.02055364599708569,Low
1970,33,Research & Development,Healthcare Representative,No,No,5968,9,0.02031591540907594,Low
1116,48,Research & Development,Manager,No,No,16885,5,0.0198289132390028,Low
380,37,Research & Development,Research Director,No,Yes,13603,5,0.01979946992726452,Low
1822,40,Research & Development,Healthcare Representative,No,No,6513,5,0.01960157632339598,Low
2051,40,Research & Development,Research Scientist,No,No,2001,5,0.01845927661370859,Low
385,50,Research & Development,Research Director,No,No,19144,10,0.01832961359413806,Low
1344,34,Research & Development,Healthcare Representative,No,No,8500,9,0.018286246039784817,Low
1697,60,Research & Development,Healthcare Representative,No,No,10883,1,0.017941034738337143,Low
275,49,Research & Development,Manufacturing Director,No,Yes,6804,7,0.01741912137499927,Low
46,43,Research & Development,Research Scientist,No,No,2645,5,0.016657912175234654,Low
1228,46,Research & Development,Manufacturing Director,No,No,7379,6,0.016577819195941815,Low
1383,34,Research & Development,Healthcare Representative,No,No,6687,14,0.01656991506939324,Low
1483,57,Research & Development,Research Scientist,No,No,4900,12,0.016018547139557394,Low
1069,46,Research & Development,Research Director,No,No,19627,2,0.01552527538627876,Low
352,40,Research & Development,Research Director,No,No,19436,21,0.015341926789653432,Low
1264,29,Research & Development,Research Director,No,No,16124,7,0.015259027936754465,Low
336,45,Research & Development,Manager,No,No,19202,24,0.01481369466245302,Low
2015,38,Research & Development,Research Director,No,No,13206,18,0.014546544211005626,Low
323,50,Sales,Manager,No,No,19517,7,0.013818906912219962,Low
1201,53,Research & Development,Manager,No,No,18606,7,0.013702334721709708,Low
482,57,Research & Development,Healthcare Representative,No,No,6755,3,0.013201403230691326,Low
546,52,Research & Development,Manager,No,No,16555,5,0.013011343210590134,Low
901,53,Research & Development,Research Director,No,No,14275,12,0.012853674275384466,Low
1520,54,Research & Development,Manager,No,No,16032,14,0.012029850081680867,Low
976,52,Research & Development,Manager,No,No,17099,9,0.011955036919215952,Low
139,37,Research & Development,Healthcare Representative,No,No,5163,1,0.011880000513818767,Low
1635,45,Research & Development,Manufacturing Director,No,No,5770,10,0.01171956491667007,Low
817,33,Research & Development,Research Director,No,No,11691,13,0.011645232603308183,Low
1255,43,Research & Development,Research Director,No,No,19740,8,0.011404283201574094,Low
1472,53,Research & Development,Research Director,No,No,16598,9,0.011050693579712369,Low
791,52,Research & Development,Research Scientist,No,No,4258,4,0.010248256853920772,Low
999,41,Research & Development,Research Director,No,No,19419,18,0.009948000480503821,Low
771,35,Research & Development,Healthcare Representative,No,No,5093,1,0.009708176676572977,Low
1979,31,Research & Development,Research Director,No,No,11031,11,0.009543723614717985,Low
950,38,Research & Development,Research Director,No,No,13582,15,0.008773534863455721,Low
254,55,Research & Development,Research Director,No,No,18722,24,0.008517050549048003,Low
1443,47,Research & Development,Research Director,No,No,17169,20,0.008461851061011392,Low
815,50,Research & Development,Research Director,No,No,17639,4,0.007608177068953625,Low
1572,53,Research & Development,Manufacturing Director,Yes,No,10169,33,0.007321607401524421,Low
1656,50,Research & Development,Research Director,No,No,13269,14,0.007147238832525564,Low
208,29,Research & Development,Manufacturing Director,No,No,4319,10,0.006398416463595136,Low
1035,41,Research & Development,Research Director,No,No,19973,21,0.006369995609846747,Low
997,50,Research & Development,Research Director,No,No,17399,5,0.005987697343504227,Low
1804,35,Research & Development,Manufacturing Director,No,No,5762,7,0.005966489165326583,Low
1630,35,Research & Development,Healthcare Representative,No,No,4148,14,0.005620085813547777,Low
730,53,Research & Development,Research Director,No,No,14814,5,0.00547966547025568,Low
1484,49,Research & Development,Healthcare Representative,No,No,10466,8,0.005384990862569802,Low
417,39,Research & Development,Healthcare Representative,No,No,9613,18,0.004992847968250569,Low
262,43,Research & Development,Research Scientist,No,No,2089,5,0.0048348430972271475,Low
1468,40,Research & Development,Research Director,No,No,13757,9,0.00394133640186451,Low
2000,47,Research & Development,Research Director,No,No,11957,13,0.0035058217308415185,Low
1040,50,Sales,Sales Executive,No,No,6347,18,0.0023465329245690955,Low
2026,56,Research & Development,Healthcare Representative,No,No,6306,13,0.001526634763825717,Low
1424,55,Research & Development,Research Director,No,No,14732,7,0.001152246548998769,Low
1250,54,Research & Development,Research Director,No,No,17779,10,0.0006339664004938356,Low
